"yyyy","distance","fit","se","lwr","upr","iteration"
0,19413.4428927714,11.5184918395464,1.19390549386457,9.17843707157188,13.858546607521,1
1,19413.4428927714,11.5842690036312,1.12617783021879,9.37696045640241,13.7915775508601,1
2,19413.4428927714,11.6499062291753,1.06078546104559,9.57076672552599,13.7290457328247,1
3,19413.4428927714,11.7152635776381,0.998253367431283,9.75868697747275,13.6718401778034,1
4,19413.4428927714,11.7802011104787,0.939163127350022,9.93944138087265,13.6209608400847,1
5,19413.4428927714,11.8445788891565,0.884152876773831,10.1116392506798,13.5775185276333,1
6,19413.4428927714,11.9082569751309,0.833909628479827,10.2737941033105,13.5427198469514,1
7,19413.4428927714,11.9710954298611,0.789149319950356,10.4243627627584,13.5178280969638,1
8,19413.4428927714,12.0329543148065,0.75057970202052,10.5618180988462,13.5040905307667,1
9,19413.4428927714,12.0936936914262,0.7188431157737,10.6847611845098,13.5026261983427,1
10,19413.4428927714,12.1531736211798,0.69444168685382,10.7920679149463,13.5142793274133,1
11,19413.4428927714,12.2112541655264,0.677656340597221,10.8830477379558,13.5394605930969,1
12,19413.4428927714,12.2677953859253,0.668479805014746,10.9575749680964,13.5780158037542,1
13,19413.4428927714,12.3226573438359,0.666585932268157,11.0161489165903,13.6291657710815,1
14,19413.4428927714,12.3757001007174,0.671348513959813,11.0598570133562,13.6915431880787,1
15,19413.4428927714,12.4267837180293,0.681905318660606,11.0902492934545,13.7633181426041,1
16,19413.4428927714,12.4757682572307,0.697247572736399,11.1091630146673,13.842373499794,1
17,19413.4428927714,12.522513779781,0.716310386647183,11.1185454219525,13.9264821376095,1
18,19413.4428927714,12.5668803471395,0.738045939275077,11.1203103061603,14.0134503881186,1
19,19413.4428927714,12.6087280207654,0.761472039235724,11.1162428238634,14.1012132176674,1
20,19413.4428927714,12.6479168621182,0.785697505395951,11.1079497515421,14.1878839726943,1
21,19413.4428927714,12.6843069326571,0.809930152582437,11.0968438335955,14.2717700317186,1
22,19413.4428927714,12.7177582938413,0.833473824994737,11.0841495968516,14.351366990831,1
23,19413.4428927714,12.7481310071303,0.855719703912903,11.070920387461,14.4253416267996,1
24,19413.4428927714,12.7752851339833,0.876135438338324,11.0580596748402,14.4925105931264,1
25,19413.4428927714,12.7990807358596,0.894254204773608,11.0463424945034,14.5518189772159,1
26,19413.4428927714,12.8193778742186,0.909664790813152,11.0364348842248,14.6023208642124,1
27,19413.4428927714,12.8360366105195,0.922003176700698,11.0289103841861,14.6431628368529,1
28,19413.4428927714,12.8489170062216,0.930945752578113,11.0242633311685,14.6735706812747,1
29,19413.4428927714,12.8579163128683,0.936228582651495,11.0229082908714,14.6929243348652,1
30,19413.4428927714,12.8632554734752,0.937833309861798,11.0251021861461,14.7014087608043,1
31,19413.4428927714,12.8653220977308,0.935883277021993,11.0309908747677,14.6996533206939,1
32,19413.4428927714,12.8645051727341,0.930529532515549,11.0406672890036,14.6883430564646,1
33,19413.4428927714,12.8611936855842,0.92194475753005,11.0541819608253,14.6682054103431,1
34,19413.4428927714,12.8557766233801,0.910319520449139,11.0715503632998,14.6400028834604,1
35,19413.4428927714,12.8486429732209,0.895859593238337,11.0927581704738,14.604527775968,1
36,19413.4428927714,12.8401817222056,0.878784073988201,11.1177649371888,14.5625985072225,1
37,19413.4428927714,12.8307818574333,0.85932413580625,11.146506551253,14.5150571636135,1
38,19413.4428927714,12.820832366003,0.837722274253975,11.1788967084652,14.4627680235408,1
39,19413.4428927714,12.8107222350137,0.814231960064671,11.214827593287,14.4066168767405,1
40,19413.4428927714,12.8008404515645,0.789117624670925,11.2541699072095,14.3475109959195,1
41,19413.4428927714,12.7915760027545,0.76265491459984,11.2967723701388,14.2863796353702,1
42,19413.4428927714,12.7833178756826,0.735131146582797,11.3424608283803,14.2241749229849,1
43,19413.4428927714,12.776455057448,0.706845875912707,11.3910371406591,14.1618729742369,1
44,19413.4428927714,12.7713765351496,0.67811145195772,11.4422780893125,14.1004749809867,1
45,19413.4428927714,12.7684712958865,0.649253371058038,11.4959346886128,14.0410079031603,1
46,19413.4428927714,12.7681283267578,0.620610142134583,11.5517324481741,13.9845242053416,1
47,19413.4428927714,12.7707366148625,0.592532250581139,11.6093734037235,13.9320998260016,1
48,19413.4428927714,12.7766851472997,0.565379646376335,11.6685410404021,13.8848292541973,1
49,19413.4428927714,12.7863629111683,0.539517017125835,11.7289095576017,13.843816264735,1
50,19413.4428927714,12.8001588935675,0.51530599448376,11.7901591443793,13.8101586427557,1
51,19413.4428927714,12.8184620815962,0.493093489551014,11.8519988420762,13.7849253211162,1
52,19413.4428927714,12.8416614623536,0.473195709983408,11.9141978707861,13.7691250539211,1
53,19413.4428927714,12.8701460229386,0.455878224709719,11.9766247025076,13.7636673433697,1
54,19413.4428927714,12.9043047504503,0.441333736375353,12.0392906271546,13.769318873746,1
55,19413.4428927714,12.9445266319878,0.429660742833986,12.1023915760332,13.7866616879424,1
56,19413.4428927714,12.9912006546501,0.420847408604327,12.1663397337856,13.8160615755146,1
57,19413.4428927714,13.0447158055362,0.414764952635396,12.2317764983709,13.8576551127016,1
58,19413.4428927714,13.1054610717452,0.411173250510853,12.299561500744,13.9113606427465,1
59,19413.4428927714,13.1738254403762,0.40973852822552,12.3707379250542,13.9769129556982,1
60,19413.4428927714,13.2501978985281,0.410060155886067,12.4464799929914,14.0539158040648,1
61,19413.4428927714,13.3349674333,0.411701889277951,12.5280317303152,14.1419031362848,1
62,19413.4428927714,13.428523031791,0.414222999768886,12.616645952244,14.240400111338,1
63,19413.4428927714,13.5312536811001,0.417206189447794,12.7135295497824,14.3489778124178,1
64,19413.4428927714,13.6435483683264,0.420281129831972,12.8197973538557,14.467299382797,1
65,19413.4428927714,13.7657960805688,0.423144124564026,12.9364335964233,14.5951585647143,1
66,19413.4428927714,13.8983535732137,0.425579837740432,13.0642170912425,14.732490055185,1
67,19413.4428927714,14.0408362722538,0.427570013714322,13.2027990453737,14.8788734991338,1
68,19413.4428927714,14.1921182742881,0.429275994461774,13.350737325143,15.0334992234332,1
69,19413.4428927714,14.351041444203,0.430909530553878,13.5064587643174,15.1956241240886,1
70,19413.4428927714,14.5164476468849,0.432700862844508,13.6683539557096,15.3645413380601,1
71,19413.4428927714,14.68717874722,0.434874340625562,13.8348250395939,15.5395324548461,1
72,19413.4428927714,14.8620766100947,0.437626928591575,14.0043278300552,15.7198253901342,1
73,19413.4428927714,15.0399831003953,0.441110050626611,14.1754074011672,15.9045587996235,1
74,19413.4428927714,15.2197400830082,0.445415570875219,14.3467255640928,16.0927546019237,1
75,19413.4428927714,15.4001894228197,0.450566716808827,14.5170786578744,16.283300187765,1
76,19413.4428927714,15.5801729847161,0.456514407077799,14.6854047468437,16.4749412225886,1
77,19413.4428927714,15.7585326335838,0.463138875864143,14.8507804368901,16.6662848302775,1
78,19413.4428927714,15.9341102343091,0.470255881401964,15.0124087067613,16.855811761857,1
79,19413.4428927714,16.1057476517783,0.477626345151598,15.1696000152812,17.0418952882754,1
80,19413.4428927714,16.2722867508778,0.484968107305753,15.3217492605585,17.2228242411971,1
81,19413.4428927714,16.4325693964938,0.491968611223673,15.4683109184954,17.3968278744922,1
82,19413.4428927714,16.5854374535128,0.498297665805755,15.6087740285336,17.5621008784921,1
83,19413.4428927714,16.7297327868211,0.503619872338506,15.7426378370376,17.7168277366046,1
84,19413.4428927714,16.8642972613049,0.507606753328788,15.8693880247805,17.8592064978294,1
85,19413.4428927714,16.9879727418507,0.50994904480828,15.9884726140265,17.987472869675,1
86,19413.4428927714,17.0996010933448,0.51037001948787,16.0992758551486,18.099926331541,1
87,19413.4428927714,17.198029006561,0.508642012291478,16.2010906624697,18.1949673506523,1
88,19413.4428927714,17.2826871046662,0.504709887864638,16.2934557244515,18.2719184848809,1
89,19413.4428927714,17.3541400944004,0.498805101794432,16.3764820948833,18.3317980939175,1
90,19413.4428927714,17.4130829814674,0.491265444497726,16.4502027102518,18.3759632526829,1
91,19413.4428927714,17.4602107715708,0.482509627257638,16.5144919021458,18.4059296409958,1
92,19413.4428927714,17.4962184704145,0.473037139919351,16.5690656761726,18.4233712646564,1
93,19413.4428927714,17.5218010837022,0.463427720277771,16.6134827519577,18.4301194154466,1
94,19413.4428927714,17.5376536171375,0.454337269672595,16.6471525685792,18.4281546656958,1
95,19413.4428927714,17.5444710764243,0.44648613534674,16.6693582511447,18.4195839017039,1
96,19413.4428927714,17.5429484672662,0.440635248211347,16.679303380772,18.4065935537605,1
97,19413.4428927714,17.5337807953671,0.437546686157252,16.6761892904989,18.3913723002353,1
98,19413.4428927714,17.5176630664306,0.437928924311207,16.6593223747806,18.3760037580805,1
99,19413.4428927714,17.4952902861604,0.442373390171068,16.6282384414251,18.3623421308957,1
100,19413.4428927714,17.4673574602604,0.451295643074108,16.5828179998352,18.3518969206857,1
101,19413.4428927714,17.4345595944343,0.464897083333366,16.5233613111009,18.3457578777677,1
102,19413.4428927714,17.3975916943857,0.483158177663917,16.4506016661644,18.3445817226069,1
103,19413.4428927714,17.3571487658184,0.505863374544009,16.3656565517121,18.3486409799247,1
104,19413.4428927714,17.3139258144362,0.532647469633868,16.2699367739538,18.3579148549186,1
105,19413.4428927714,17.2686178459428,0.563048865457026,16.165042069647,18.3721936222386,1
106,19413.4428927714,17.2219198660419,0.596557625383549,16.0526669202901,18.3911728117937,1
107,19413.4428927714,17.1745268804373,0.63265198212822,15.934528995466,18.4145247654086,1
0,19455.6128039845,10.9047569828943,1.20113477142427,8.5505328309027,13.2589811348858,2
1,19455.6128039845,10.9939897267572,1.12981056175058,8.77956102572612,13.2084184277884,2
2,19455.6128039845,11.0830282092815,1.06089009815572,9.00368361689631,13.1623728016667,2
3,19455.6128039845,11.1716781691284,0.994942241630476,9.22159137553263,13.1217649627241,2
4,19455.6128039845,11.2597453449591,0.932605955829724,9.4318376715328,13.0876530183853,2
5,19455.6128039845,11.3470354754349,0.874593377257818,9.63283245600958,13.0612384948602,2
6,19455.6128039845,11.4333542992172,0.821684279524441,9.82285311134927,13.0438554870851,2
7,19455.6128039845,11.5185075549672,0.774705539023249,10.0000846984816,13.0369304114527,2
8,19455.6128039845,11.6023009813461,0.734488210090988,10.1627040895678,13.0418978731245,2
9,19455.6128039845,11.6845403170154,0.701796825878134,10.3090185382943,13.0600620957365,2
10,19455.6128039845,11.7650313006362,0.677233054765651,10.4376545132956,13.0924080879769,2
11,19455.6128039845,11.8435796708699,0.661129217134591,10.5477664052861,13.1393929364537,2
12,19455.6128039845,11.9199911663778,0.653460992913503,10.6392076202673,13.2007747124882,2
13,19455.6128039845,11.994071525821,0.653811900991914,10.7126001998769,13.2755428517652,2
14,19455.6128039845,12.065626487861,0.661406903111268,10.7692689577629,13.3619840179591,2
15,19455.6128039845,12.1344617911589,0.675205021222628,10.8110599495626,13.4578636327553,2
16,19455.6128039845,12.2003831743762,0.694019202604205,10.8401055372719,13.5606608114804,2
17,19455.6128039845,12.263196376174,0.716628808762511,10.8586039109995,13.6677888413485,2
18,19455.6128039845,12.3227071352137,0.741863019706114,10.8686556165897,13.7767586538376,2
19,19455.6128039845,12.3787211901565,0.768649899670048,10.8721673868032,13.8852749935098,2
20,19455.6128039845,12.4310442796637,0.796036803371954,10.8708121450547,13.9912764142727,2
21,19455.6128039845,12.4794821423966,0.823191563825255,10.8660266772991,14.0929376074941,2
22,19455.6128039845,12.5238405170166,0.849393072462974,10.8590300949891,14.188650939044,2
23,19455.6128039845,12.5639251421848,0.8740173705477,10.8508510959113,14.2769991884583,2
24,19455.6128039845,12.5995417565626,0.89652293540283,10.842356803173,14.3567267099521,2
25,19455.6128039845,12.6304960988112,0.916437068374551,10.8342794447971,14.4267127528253,2
26,19455.6128039845,12.656593907592,0.933344190838382,10.8272392935488,14.4859485216352,2
27,19455.6128039845,12.6776409215662,0.946876255062026,10.8217634616446,14.5335183814878,2
28,19455.6128039845,12.6934428793951,0.956705195804971,10.8183006956173,14.5685850631728,2
29,19455.6128039845,12.7038529207944,0.962563546685002,10.8172283692917,14.590477472297,2
30,19455.6128039845,12.7091367502121,0.964444298356392,10.8188259254336,14.5994475749907,2
31,19455.6128039845,12.709772499044,0.962488820255634,10.8232944113429,14.596250586745,2
32,19455.6128039845,12.70624005428,0.956864691117654,10.8307852596894,14.5816948488706,2
33,19455.6128039845,12.6990193029103,0.947759766579516,10.8414101604145,14.5566284454062,2
34,19455.6128039845,12.6885901319251,0.935378618106247,10.8552480404368,14.5219322234133,2
35,19455.6128039845,12.6754324283144,0.919940010143998,10.8723500084322,14.4785148481966,2
36,19455.6128039845,12.6600260790684,0.901675165589234,10.8927427545135,14.4273094036233,2
37,19455.6128039845,12.6428509711773,0.88082664834817,10.9164307404149,14.3692712019397,2
38,19455.6128039845,12.6243869916311,0.857647746076426,10.9433974093213,14.3053765739409,2
39,19455.6128039845,12.60511402742,0.832402273473193,10.9736055714126,14.2366224834275,2
40,19455.6128039845,12.5855119655342,0.805364740998331,11.0069970731774,14.1640268578909,2
41,19455.6128039845,12.5660606929637,0.776820847431764,11.0434918319974,14.0886295539299,2
42,19455.6128039845,12.5472400966986,0.747068257000253,11.0829863129782,14.0114938804191,2
43,19455.6128039845,12.5295300637293,0.71641761028881,11.1253515475632,13.9337085798953,2
44,19455.6128039845,12.5134104810456,0.685193687612546,11.170430853325,13.8563901087662,2
45,19455.6128039845,12.4993612356379,0.653736585607603,11.218037527847,13.7806849434288,2
46,19455.6128039845,12.4878622144961,0.622402670939829,11.267952979454,13.7077714495382,2
47,19455.6128039845,12.4793933046105,0.591564925729429,11.3199260501808,13.6388605590402,2
48,19455.6128039845,12.4744343929712,0.561612086849804,11.3736747027456,13.5751940831968,2
49,19455.6128039845,12.4734653665683,0.532945709300311,11.4288917763396,13.5180389567969,2
50,19455.6128039845,12.4769661123919,0.505973992563663,11.4852570869671,13.4686751378167,2
51,19455.6128039845,12.4854165174322,0.481101008536478,11.5424585407007,13.4283744941637,2
52,19455.6128039845,12.4992964686793,0.458710072670715,11.6002247262446,13.3983682111139,2
53,19455.6128039845,12.5190858531233,0.439140709943542,11.6583700616339,13.3798016446126,2
54,19455.6128039845,12.5452645577544,0.422660252405738,11.7168504630391,13.3736786524696,2
55,19455.6128039845,12.5783124695626,0.409433506530359,11.7758227967631,13.3808021423621,2
56,19455.6128039845,12.6187094755382,0.399496417972743,11.8356964963117,13.4017224547648,2
57,19455.6128039845,12.6669354626713,0.392740834066927,11.8971634279001,13.4367074974425,2
58,19455.6128039845,12.7234703179519,0.388915978374605,11.9611950003377,13.4857456355662,2
59,19455.6128039845,12.7887939283703,0.387648057837118,12.0290037350096,13.5485841217311,2
60,19455.6128039845,12.8633861809165,0.388474314845714,12.1019765238189,13.6247958380141,2
61,19455.6128039845,12.9477269625807,0.39088438972797,12.1815935587139,13.7138603664475,2
62,19455.6128039845,13.042296160353,0.394361546878505,12.2693475284712,13.8152447922349,2
63,19455.6128039845,13.1475736612236,0.398418636304511,12.3666731340667,13.9284741883804,2
64,19455.6128039845,13.2640393521825,0.402626926043244,12.4748905771377,14.0531881272273,2
65,19455.6128039845,13.3921731202199,0.406638647581823,12.5951613709596,14.1891848694803,2
66,19455.6128039845,13.5324167538518,0.410210205545928,12.7284047509818,14.3364287567218,2
67,19455.6128039845,13.6843357766868,0.413314687733437,12.8742389887292,14.4944325646443,2
68,19455.6128039845,13.8466194474264,0.416120447096375,13.0310233711175,14.6622155237353,2
69,19455.6128039845,14.017918926298,0.418852764917448,13.1969675070598,14.8388703455362,2
70,19455.6128039845,14.1968853735288,0.421757681600346,13.3702403175921,15.0235304294655,2
71,19455.6128039845,14.3821699493461,0.425074362738485,13.5490241983787,15.2153157003136,2
72,19455.6128039845,14.5724238139774,0.429011062209602,13.7315621320465,15.4132854959082,2
73,19455.6128039845,14.7662981276497,0.433725162645985,13.9161968088636,15.6163994464358,2
74,19455.6128039845,14.9624440505905,0.439308170694354,14.1014000360296,15.8234880651514,2
75,19455.6128039845,15.159512743027,0.445776497634426,14.2857908076636,16.0332346783905,2
76,19455.6128039845,15.3561553651866,0.453068398307301,14.4681413045043,16.2441694258689,2
77,19455.6128039845,15.5510230772965,0.461046747069079,14.6473714530411,16.4546747015519,2
78,19455.6128039845,15.742767039584,0.469506651628224,14.8225340023927,16.6630000767753,2
79,19455.6128039845,15.9300384122765,0.478186468336742,14.9927929343365,16.8672838902165,2
80,19455.6128039845,16.1114883556012,0.486780692923233,15.1573981974716,17.0655785137307,2
81,19455.6128039845,16.2857680297854,0.494953429924309,15.3156593071338,17.2558767524371,2
82,19455.6128039845,16.4515285950565,0.502351575465671,15.4669195071437,17.4361376829692,2
83,19455.6128039845,16.6074212116416,0.508617349856713,15.6105312059225,17.6043112173608,2
84,19455.6128039845,16.7520970397682,0.513400296952913,15.7458324577405,17.7583616217959,2
85,19455.6128039845,16.8842072396635,0.516369295217866,15.8721234210365,17.8962910582906,2
86,19455.6128039845,17.0024029715549,0.517225524703183,15.9886409431366,18.0161649999731,2
87,19455.6128039845,17.1053410012435,0.515718719790668,16.0945323104538,18.1161496920332,2
88,19455.6128039845,17.192356368978,0.51178040215294,16.1892667807583,18.1954459571978,2
89,19455.6128039845,17.2641014248846,0.505647926730005,16.2730314884937,18.2551713612754,2
90,19455.6128039845,17.3213798695855,0.497667739186912,16.3459511007792,18.2968086383919,2
91,19455.6128039845,17.3649954037036,0.4882686170775,16.4079889142317,18.3220018931755,2
92,19455.6128039845,17.3957517278611,0.477962979739898,16.4589442875709,18.3325591681513,2
93,19455.6128039845,17.4144525426807,0.467348451847458,16.4984495770597,18.3304555083017,2
94,19455.6128039845,17.4219015487849,0.457106476206254,16.5259728554207,18.3178302421492,2
95,19455.6128039845,17.4189024467963,0.447993577661224,16.5408350345803,18.2969698590123,2
96,19455.6128039845,17.4062589373372,0.440819956186301,16.5422518232121,18.2702660514624,2
97,19455.6128039845,17.3847747210304,0.436410586562044,16.5294099713688,18.240139470692,2
98,19455.6128039845,17.3552534984983,0.435547441995299,16.5015805121875,18.2089264848091,2
99,19455.6128039845,17.3184989703634,0.438898539150183,16.4582578336291,18.1787401070978,2
100,19455.6128039845,17.2753148372483,0.446948178795222,16.3992964068097,18.1513332676869,2
101,19455.6128039845,17.2265047997755,0.459947667537904,16.3250073714012,18.1280022281498,2
102,19455.6128039845,17.1728725585675,0.477901678125655,16.2361852694412,18.1095598476938,2
103,19455.6128039845,17.1152218142469,0.500592784186166,16.134059957242,18.0963836712518,2
104,19455.6128039845,17.0543562674361,0.527633110759006,16.0201953703485,18.0885171645238,2
105,19455.6128039845,16.9910796187578,0.55852555297758,15.8963695349218,18.0857897025939,2
106,19455.6128039845,16.9261955688344,0.592719427301722,15.7644654913231,18.0879256463458,2
107,19455.6128039845,16.8605078182885,0.629652511884949,15.626388894994,18.094626741583,2
0,19618.2259579582,10.4762293639931,1.21145673209132,8.10177416909413,12.8506845588921,3
1,19618.2259579582,10.5774662568443,1.13953125904714,8.34398498911186,12.8109475245767,3
2,19618.2259579582,10.678482132131,1.07003462978467,8.58121425775308,12.775750006509,3
3,19618.2259579582,10.7790559722891,1.00354190216362,8.81211384404841,12.7459981005298,3
4,19618.2259579582,10.8789667597541,0.940698959289001,9.03519679954764,12.7227367199605,3
5,19618.2259579582,10.9779934769616,0.882225542177432,9.24883141429384,12.7071555396294,3
6,19618.2259579582,11.0759151063473,0.828909537689932,9.45125241247506,12.7005778002196,3
7,19618.2259579582,11.1725106303469,0.781586053725566,9.64060196504477,12.704419295649,3
8,19618.2259579582,11.2675590313959,0.741093826614559,9.81501513123135,12.7201029315604,3
9,19618.2259579582,11.36083929193,0.708203580472065,9.97276027420476,12.7489183096553,3
10,19618.2259579582,11.4521303943849,0.683520607355375,10.1124300039683,12.7918307848014,3
11,19618.2259579582,11.5412113211961,0.667377373100148,10.2331516699198,12.8492709724724,3
12,19618.2259579582,11.6278610547994,0.65974584444959,10.3347591996782,12.9209629099206,3
13,19618.2259579582,11.7118585776303,0.660202334166026,10.4178620026649,13.0058551525957,3
14,19618.2259579582,11.7929828721245,0.667962109686954,10.4837771371381,13.1021886071109,3
15,19618.2259579582,11.8710129207176,0.681973277617885,10.5343452965866,13.2076805448487,3
16,19618.2259579582,11.9457277058454,0.701037776723897,10.5716936634665,13.3197617482242,3
17,19618.2259579582,12.0169062099433,0.723924635567991,10.59801392423,13.4357984956565,3
18,19618.2259579582,12.0843274154471,0.749453773699504,10.615398018996,13.5532568118981,3
19,19618.2259579582,12.1477703047923,0.776545191605378,10.6257417292458,13.6697988803389,3
20,19618.2259579582,12.2070138604147,0.80423934369372,10.630704746775,13.7833229740544,3
21,19618.2259579582,12.2618370647498,0.831698221720761,10.6317085501771,13.8919655793225,3
22,19618.2259579582,12.3120189002334,0.858195811432756,10.6299551098252,13.9940826906416,3
23,19618.2259579582,12.357338349301,0.883104068387657,10.6264543752611,14.0882223233408,3
24,19618.2259579582,12.3975743943882,0.90587810877286,10.6220533011934,14.173095487583,3
25,19618.2259579582,12.4325060179308,0.926042526933279,10.6174626651416,14.24754937072,3
26,19618.2259579582,12.4619122023643,0.943179647542712,10.6132800931806,14.310544311548,3
27,19618.2259579582,12.4855719301244,0.956919920064451,10.6100088867981,14.3611349734507,3
28,19618.2259579582,12.5032641836467,0.966934382817172,10.6080727933251,14.3984555739684,3
29,19618.2259579582,12.5148196734549,0.972955407876833,10.6078270740163,14.4218122728934,3
30,19618.2259579582,12.5205193360225,0.97497724168038,10.609563942329,14.4314747297161,3
31,19618.2259579582,12.5208759262916,0.973143478400786,10.6135147086261,14.4282371439572,3
32,19618.2259579582,12.516404115059,0.967624423253226,10.6198602454827,14.4129479846353,3
33,19618.2259579582,12.5076185731217,0.958611102053501,10.6287408130968,14.3864963331465,3
34,19618.2259579582,12.4950339712765,0.946311665313751,10.6402631072616,14.3498048352915,3
35,19618.2259579582,12.4791649803205,0.930948845266151,10.6545052435988,14.3038247170421,3
36,19618.2259579582,12.4605262710504,0.912758211609607,10.6715201762956,14.2495323658052,3
37,19618.2259579582,12.4396325142633,0.891987050855644,10.6913378945863,14.1879271339404,3
38,19618.2259579582,12.4169983807562,0.868893748257521,10.7139666341714,14.1200301273409,3
39,19618.2259579582,12.3931385413258,0.843747587726719,10.7393932693814,14.0468838132701,3
40,19618.2259579582,12.3685676667691,0.816828907983673,10.7675830071211,13.9695523264171,3
41,19618.2259579582,12.3438004278832,0.78842956409887,10.7984784822494,13.8891223735169,3
42,19618.2259579582,12.3193514954648,0.758853641998316,10.8319983571481,13.8067046337815,3
43,19618.2259579582,12.2957355403109,0.72841835662189,10.868035561332,13.7234355192898,3
44,19618.2259579582,12.2734672332185,0.69745502693831,10.9064553804194,13.6404790860176,3
45,19618.2259579582,12.2530612449844,0.666309955019791,10.9470937331456,13.5590287568232,3
46,19618.2259579582,12.2350322464057,0.63534493185375,10.9897561799723,13.480308312839,3
47,19618.2259579582,12.2198949082791,0.604936939753479,11.0342185063623,13.405571310196,3
48,19618.2259579582,12.2081639014018,0.575476416744652,11.0802301245822,13.3360976782213,3
49,19618.2259579582,12.2003538965705,0.547363207844922,11.1275220091944,13.2731857839465,3
50,19618.2259579582,12.1969795645822,0.520999107767524,11.1758213133578,13.2181378158065,3
51,19618.2259579582,12.1985555762338,0.496775822244709,11.2248749646342,13.1722361878334,3
52,19618.2259579582,12.2055966023223,0.475057445068996,11.2744840099871,13.1367091946575,3
53,19618.2259579582,12.2186173136446,0.456157411790635,11.3245487865349,13.1126858407542,3
54,19618.2259579582,12.2381323809976,0.440311493433099,11.3751218538687,13.1011429081264,3
55,19618.2259579582,12.2646564751782,0.427650523537549,11.4264614490446,13.1028515013118,3
56,19618.2259579582,12.2987042669834,0.418178432544903,11.4790745391954,13.1183339947714,3
57,19618.2259579582,12.3407904272101,0.411761608302695,11.5337376749368,13.1478431794834,3
58,19618.2259579582,12.3914296266552,0.408133735444337,11.5914875051843,13.1913717481261,3
59,19618.2259579582,12.4511365361156,0.406916418080649,11.6535803566776,13.2486927155537,3
60,19618.2259579582,12.5204258263884,0.407651734192927,11.7214284273702,13.3194232254065,3
61,19618.2259579582,12.5998121682703,0.409840389352101,11.7965250051402,13.4030993314004,3
62,19618.2259579582,12.6898102325583,0.412979246498155,11.8803709094219,13.4992495556947,3
63,19618.2259579582,12.7909346900494,0.416594116357477,11.9744102219888,13.6074591581101,3
64,19618.2259579582,12.9037002115405,0.420266433895496,12.0799780011053,13.7274224219757,3
65,19618.2259579582,13.0286214678285,0.423654683825607,12.1982582875303,13.8589846481267,3
66,19618.2259579582,13.1661736060288,0.426517514035382,12.3301992785194,14.0021479335381,3
67,19618.2259579582,13.3159227285812,0.428831419455611,12.4754131464482,14.1564323107142,3
68,19618.2259579582,13.4765258932503,0.430771595249773,12.6322135665608,14.3208382199399,3
69,19618.2259579582,13.6466006341189,0.432571015367428,12.7987614439987,14.4944398242391,3
70,19618.2259579582,13.8247644852699,0.434485224292241,12.9731734456571,14.6763555248827,3
71,19618.2259579582,14.0096349807861,0.436765379416339,13.1535748371301,14.8656951244421,3
72,19618.2259579582,14.1998296547505,0.439634359242082,13.338146310636,15.061512998865,3
73,19618.2259579582,14.3939660412459,0.443266392894452,13.5251639111728,15.262768171319,3
74,19618.2259579582,14.5906616743552,0.447771139179811,13.7130302415628,15.4682931071476,3
75,19618.2259579582,14.7885340881613,0.453183199889571,13.9002950163777,15.6767731599448,3
76,19618.2259579582,14.9862008167471,0.459457679938911,14.0856637640668,15.8867378694273,3
77,19618.2259579582,15.1822793941954,0.466471737628042,14.2679947884444,16.0965639999463,3
78,19618.2259579582,15.3753873545891,0.47403133959289,14.4462859289871,16.3044887801912,3
79,19618.2259579582,15.5641422320112,0.481881892279035,14.6196537231443,16.5086307408781,3
80,19618.2259579582,15.7471615605445,0.489721215777919,14.7873079776198,16.7070151434692,3
81,19618.2259579582,15.9230628742719,0.497213468354298,14.9485244762974,16.8976012722463,3
82,19618.2259579582,16.0904637072762,0.504003023604558,15.1026177810112,17.0783096335411,3
83,19618.2259579582,16.2479815936403,0.509727811466584,15.2489150831658,17.2470481041148,3
84,19618.2259579582,16.3942340674472,0.514032150743611,15.3867310519897,17.4017370829047,3
85,19618.2259579582,16.5278386627797,0.516579575385223,15.5153426950247,17.5403346305348,3
86,19618.2259579582,16.6474129137207,0.517066601582224,15.6339623746195,17.6608634528219,3
87,19618.2259579582,16.7515800699645,0.515239791582117,15.7417100784635,17.7614500614654,3
88,19618.2259579582,16.8396549701898,0.511027914956545,15.838040256875,17.8412696835047,3
89,19618.2259579582,16.9122956217642,0.504665094002409,15.9231520375194,17.9014392060089,3
90,19618.2259579582,16.9703143535638,0.496497763019032,15.9971787380465,17.9434499690812,3
91,19618.2259579582,17.0145234944653,0.486958129935588,16.0600855597915,17.968961429139,3
92,19618.2259579582,17.0457353733448,0.476565276697738,16.1116674310172,17.9798033156723,3
93,19618.2259579582,17.0647623190788,0.465926421561059,16.1515465328191,17.9779781053384,3
94,19618.2259579582,17.0724166605436,0.455734933988633,16.1791761899259,17.9656571311613,3
95,19618.2259579582,17.0695107266156,0.446760449147288,16.1938602462869,17.9451612069443,3
96,19618.2259579582,17.0568568461712,0.439825535300436,16.1947987969824,17.9189148953601,3
97,19618.2259579582,17.0352673480868,0.435764079410954,16.1811697524413,17.8893649437322,3
98,19618.2259579582,17.0055545612386,0.43536045429475,16.1522480708209,17.8588610516563,3
99,19618.2259579582,16.9685308145032,0.439276174459697,16.1075495125622,17.8295121164442,3
100,19618.2259579582,16.9250084367568,0.447979653623066,16.0469683156555,17.803048557858,3
101,19618.2259579582,16.8757997568758,0.461699016920113,15.9708696837123,17.7807298300392,3
102,19618.2259579582,16.8217171037366,0.480412545283633,15.8801085149806,17.7633256924925,3
103,19618.2259579582,16.7635728062155,0.503877673620516,15.7759725659193,17.7511730465117,3
104,19618.2259579582,16.702179193189,0.531685876961951,15.6600748743436,17.7442835120344,3
105,19618.2259579582,16.6383485935333,0.563325205909141,15.5342311899514,17.7424659971153,3
106,19618.2259579582,16.572893336125,0.598235631518949,15.4003514983478,17.7454351739021,3
107,19618.2259579582,16.5066257498402,0.635849903595387,15.2603599387933,17.7528915608872,3
0,19376.1079514243,10.1186159547837,1.17568546352501,7.81427244627473,12.4229594632928,4
1,19376.1079514243,10.2287372562604,1.10280358414222,8.06724223134166,12.3902322811792,4
2,19376.1079514243,10.3386209012379,1.03229744926476,8.31531790067899,12.3619239017968,4
3,19376.1079514243,10.4480292332171,0.964757740418863,8.5571040619961,12.338954404438,4
4,19376.1079514243,10.5567245956987,0.900857319206811,8.79104425005338,12.3224049413441,4
5,19376.1079514243,10.6644693321837,0.841358471583023,9.01540672788099,12.3135319364864,4
6,19376.1079514243,10.7710257861729,0.787111336953835,9.22828756574333,12.3137640066024,4
7,19376.1079514243,10.876156301167,0.739035298677511,9.42764711575905,12.3246654865749,4
8,19376.1079514243,10.9796232206669,0.698072870237849,9.61140039500074,12.3478460463331,4
9,19376.1079514243,11.0811888881735,0.665107063871509,9.77757904298537,12.3847987333617,4
10,19376.1079514243,11.1806156471876,0.640842640236649,9.92456407232378,12.4366672220514,4
11,19376.1079514243,11.27766584121,0.625670705140045,10.0513512591355,12.5039804232845,4
12,19376.1079514243,11.3721018137415,0.619557296842473,10.1577695119303,12.5864341155528,4
13,19376.1079514243,11.4636859082831,0.622002077827344,10.2445618357415,12.6828099808247,4
14,19376.1079514243,11.5521804683354,0.632089796502491,10.3132844671905,12.7910764694803,4
15,19376.1079514243,11.6373478373994,0.648615996095791,10.3660604850516,12.9086351897471,4
16,19376.1079514243,11.7189503589758,0.670239515095605,10.4052809093884,13.0326198085632,4
17,19376.1079514243,11.7967503765655,0.695615656684974,10.433343689463,13.1601570636681,4
18,19376.1079514243,11.8705102336694,0.723486158474299,10.4524773630598,13.288543104279,4
19,19376.1079514243,11.9399922737883,0.752724951333135,10.4646513691753,13.4153331784012,4
20,19376.1079514243,12.0049588404229,0.782350905997253,10.4715510646683,13.5383666161775,4
21,19376.1079514243,12.0651722770742,0.811520897831274,10.4745913173249,13.6557532368235,4
22,19376.1079514243,12.1203949272429,0.839513636820055,10.4749481990756,13.7658416554102,4
23,19376.1079514243,12.1703891344299,0.865710830894361,10.473595905877,13.8671823629829,4
24,19376.1079514243,12.2149172421361,0.889579157789444,10.4713420928688,13.9584923914034,4
25,19376.1079514243,12.2537415938622,0.910654546782178,10.4688586821691,14.0386245055552,4
26,19376.1079514243,12.2866245331091,0.928529186579082,10.4667073274141,14.1065417388041,4
27,19376.1079514243,12.3133284033776,0.94284115956163,10.4653597306368,14.1612970761184,4
28,19376.1079514243,12.3336155481685,0.95326640785396,10.4652133887747,14.2020177075623,4
29,19376.1079514243,12.3473024805049,0.959540017374354,10.4666040464511,14.2280009145586,4
30,19376.1079514243,12.35467718888,0.961663525654717,10.4698166785967,14.2395376991632,4
31,19376.1079514243,12.3562704214974,0.959788349312602,10.4750852568447,14.2374555861501,4
32,19376.1079514243,12.3526149328394,0.95408940955669,10.4825996901082,14.2226301755705,4
33,19376.1079514243,12.3442434773881,0.944759485693901,10.492514885428,14.1959720693481,4
34,19376.1079514243,12.3316888096257,0.932005881401752,10.5049572820783,14.1584203371731,4
35,19376.1079514243,12.3154836840345,0.916048047982494,10.5200295099888,14.1109378580801,4
36,19376.1079514243,12.2961608550966,0.897115928074341,10.5378136360709,14.0545080741223,4
37,19376.1079514243,12.2742530772942,0.875448860393038,10.5583733109238,13.9901328436645,4
38,19376.1079514243,12.2502931051096,0.851294939890357,10.5817550229245,13.9188311872947,4
39,19376.1079514243,12.2248136930248,0.824910766178682,10.6079885913146,13.8416387947351,4
40,19376.1079514243,12.1983475955223,0.79656154113669,10.6370869748943,13.7596082161502,4
41,19376.1079514243,12.171427567084,0.766521497140225,10.6690454326892,13.6738097014788,4
42,19376.1079514243,12.1445863621923,0.735074651508287,10.703840045236,13.5853326791485,4
43,19376.1079514243,12.1183567353293,0.702515889935387,10.7414255910559,13.4952878796026,4
44,19376.1079514243,12.0932714409772,0.669152379120763,10.7817327779005,13.4048101040539,4
45,19376.1079514243,12.0698632336182,0.63530529055914,10.8246648641223,13.3150616031142,4
46,19376.1079514243,12.0486648677346,0.60131177285524,10.8700937929383,13.2272359425309,4
47,19376.1079514243,12.0302090978085,0.567527021484885,10.9178561356981,13.1425620599189,4
48,19376.1079514243,12.0150286783221,0.534326136430482,10.9677494509184,13.0623079057259,4
49,19376.1079514243,12.0036563637577,0.502105195053602,11.0195301814526,12.9877825460627,4
50,19376.1079514243,11.9966249085973,0.471280565486392,11.072915000244,12.9203348169506,4
51,19376.1079514243,11.9944670673233,0.442284937680849,11.1275885894688,12.8613455451777,4
52,19376.1079514243,11.9977155944178,0.415557937660648,11.1832220366029,12.8122091522326,4
53,19376.1079514243,12.006903244363,0.391528792509032,11.2395068110453,12.7742996776807,4
54,19376.1079514243,12.0225627716411,0.370588903956477,11.2962085198864,12.7489170233958,4
55,19376.1079514243,12.0452269307343,0.353054173841317,11.3532407500053,12.7372131114633,4
56,19376.1079514243,12.0754284761249,0.339121019323229,11.4107512782513,12.7401056739984,4
57,19376.1079514243,12.1137001622949,0.328825378531372,11.4692024203734,12.7581979042164,4
58,19376.1079514243,12.1605747437267,0.322017679227114,11.5294200924416,12.7917293950119,4
59,19376.1079514243,12.2165849749024,0.318364923491628,11.5925897248588,12.840580224946,4
60,19376.1079514243,12.2822636103042,0.317382723278174,11.660193472679,12.9043337479294,4
61,19376.1079514243,12.3581434044143,0.318489515041737,11.7339039549325,12.9823828538961,4
62,19376.1079514243,12.4447571117149,0.3210688587399,11.8154621485847,13.0740520748451,4
63,19376.1079514243,12.5426374866882,0.324526804682025,11.9065649495115,13.178710023865,4
64,19376.1079514243,12.6523172838164,0.328337410581397,12.0087759590769,13.295858608556,4
65,19376.1079514243,12.7743292575818,0.332076042884839,12.1234602135275,13.4251983016361,4
66,19376.1079514243,12.9091661051693,0.335449422019673,12.2516852380107,13.5666469723278,4
67,19376.1079514243,13.0563992059296,0.338424222802723,12.3930877292363,13.719710682623,4
68,19376.1079514243,13.2146786213792,0.341198779398883,12.5459290137574,13.8834282290011,4
69,19376.1079514243,13.3826143557373,0.344040667996836,12.7082946464635,14.0569340650111,4
70,19376.1079514243,13.5588164132231,0.347241178176505,12.8782237039972,14.2394091224491,4
71,19376.1079514243,13.7418947980559,0.351079629978345,13.0537787232983,14.4300108728134,4
72,19376.1079514243,13.9304595144547,0.355792200982973,13.2331068005281,14.6278122283814,4
73,19376.1079514243,14.123120566639,0.36154651867527,13.4144893900355,14.8317517432425,4
74,19376.1079514243,14.3184879588279,0.368423788747194,13.5963773328834,15.0405985847724,4
75,19376.1079514243,14.5151716952407,0.376409814280349,13.7774084592512,15.2529349312301,4
76,19376.1079514243,14.7117817800965,0.385395092583019,13.9564073986338,15.4671561615592,4
77,19376.1079514243,14.9069282176146,0.395182763416396,14.1323700013185,15.6814864339108,4
78,19376.1079514243,15.0992210120143,0.405502107893225,14.3044368805436,15.894005143485,4
79,19376.1079514243,15.2872701675147,0.416024918793721,14.471861326679,16.1026790083504,4
80,19376.1079514243,15.4696856883351,0.426382379045813,14.6339762254053,16.3053951512649,4
81,19376.1079514243,15.6450775786948,0.436180832125924,14.790163147728,16.4999920096616,4
82,19376.1079514243,15.8120558428129,0.44501568425253,14.9398251016779,16.6842865839478,4
83,19376.1079514243,15.9692304849086,0.452483419740936,15.0823629822164,16.8560979876009,4
84,19376.1079514243,16.1152115092013,0.458192259501471,15.2171546805784,17.0132683378242,4
85,19376.1079514243,16.2486089199101,0.461772384714175,15.3435350458703,17.1536827939499,4
86,19376.1079514243,16.3680327212543,0.46288698334572,15.4607742338967,17.2752912086119,4
87,19376.1079514243,16.472098647072,0.461246902545853,15.5680547180821,17.3761425760618,4
88,19376.1079514243,16.5601157150878,0.456762530099639,15.6648611560925,17.4553702740831,4
89,19376.1079514243,16.6327394034671,0.449688260949031,15.751350412007,17.5141283949272,4
90,19376.1079514243,16.6907798900855,0.440395451427458,15.8276048052877,17.5539549748833,4
91,19376.1079514243,16.7350473528187,0.429346232067094,15.8935287379672,17.5765659676702,4
92,19376.1079514243,16.7663519695422,0.417101877447718,15.9488322897447,17.5838716493397,4
93,19376.1079514243,16.7855039181316,0.404333527513422,15.9930102042053,17.5779976320579,4
94,19376.1079514243,16.7933133764626,0.391831205468223,16.0253242137449,17.5613025391803,4
95,19376.1079514243,16.7905905224107,0.380504082120995,16.0448025214536,17.5363785233679,4
96,19376.1079514243,16.7781455338516,0.371361278707128,16.0502774275856,17.5060136401176,4
97,19376.1079514243,16.7567885886608,0.365460636148015,16.0404857418107,17.4730914355109,4
98,19376.1079514243,16.727329864714,0.363817725726714,16.0142471222897,17.4404126071384,4
99,19376.1079514243,16.6905795398868,0.36728352028667,15.9707038401249,17.4104552396486,4
100,19376.1079514243,16.6473477920547,0.376422818421578,15.9095590679484,17.385136516161,4
101,19376.1079514243,16.5984447990934,0.391439159897866,15.8312240456936,17.3656655524932,4
102,19376.1079514243,16.5446807388784,0.412177162217423,15.7368135009323,17.3525479768246,4
103,19376.1079514243,16.4868657892855,0.438195729967252,15.6280021585497,17.3457294200213,4
104,19376.1079514243,16.4258101281901,0.468875156330681,15.506814821782,17.3448054345982,4
105,19376.1079514243,16.3623239334679,0.503518404162037,15.3754278613103,17.3492200056255,4
106,19376.1079514243,16.2972173829945,0.541424456399581,15.2360254484513,17.3584093175377,4
107,19376.1079514243,16.2313006546455,0.581930624060505,15.0907166314869,17.3718846778041,4
0,19611.8039628434,10.7214341564303,1.20036924024586,8.36871044554842,13.0741578673122,5
1,19611.8039628434,10.8197823021626,1.12954424969746,8.60587557275557,13.0336890315696,5
2,19611.8039628434,10.9179197469568,1.06118164437294,8.83800372398579,12.9978357699277,5
3,19611.8039628434,11.0156357898747,0.995856651996421,9.06375675196168,12.9675148277876,5
4,19611.8039628434,11.1127197299782,0.93421368454877,9.28166090826259,12.9437785516938,5
5,19611.8039628434,11.2089608663292,0.876968106694287,9.49010337720838,12.92781835545,5
6,19611.8039628434,11.3041484979895,0.824898810418943,9.6873468295684,12.9209501664107,5
7,19611.8039628434,11.3980719240211,0.77882528490714,9.87157436560312,12.9245694824391,5
8,19611.8039628434,11.4905204434858,0.739562248794315,10.0409784358489,12.9400624511227,5
9,19611.8039628434,11.5812833554454,0.707847469594771,10.1939023150397,12.9686643958512,5
10,19611.8039628434,11.6701499589619,0.684246326249683,10.3290271595126,13.0112727584113,5
11,19611.8039628434,11.7569095530971,0.669049717039442,10.4455721076998,13.0682469984944,5
12,19611.8039628434,11.8413514369129,0.662194220832372,10.5434507640815,13.1392521097444,5
13,19611.8039628434,11.9232649094712,0.663234582770523,10.6233251272409,13.2232046917014,5
14,19611.8039628434,12.0024392698337,0.671382465676377,10.686529637108,13.3183489025594,5
15,19611.8039628434,12.0786638170625,0.685599380336728,10.7348890316025,13.4224386025225,5
16,19611.8039628434,12.1517278502193,0.704712741484217,10.7704908769102,13.5329648235284,5
17,19611.8039628434,12.2214206683661,0.72752286265431,10.7954758575636,13.6473654791685,5
18,19611.8039628434,12.2875315705646,0.752881463894477,10.8118839013315,13.7631792397978,5
19,19611.8039628434,12.3498498558769,0.779737522356851,10.8215643120574,13.8781353996963,5
20,19611.8039628434,12.4081648233647,0.807156146450065,10.8261387763225,13.9901908704068,5
21,19611.8039628434,12.4622657720899,0.834319417229202,10.8269997143207,14.0975318298591,5
22,19611.8039628434,12.5119420011144,0.860517269976004,10.8253281519614,14.1985558502674,5
23,19611.8039628434,12.5569828095001,0.885134147433305,10.8221198805308,14.2918457384694,5
24,19611.8039628434,12.5971774963088,0.907634887399394,10.818213117006,14.3761418756116,5
25,19611.8039628434,12.6323153606024,0.927551650575964,10.8143141254735,14.4503165957313,5
26,19611.8039628434,12.6621857014428,0.944472663324712,10.8110192813264,14.5133521215593,5
27,19611.8039628434,12.6865778178919,0.958032984371128,10.8088331685245,14.5643224672593,5
28,19611.8039628434,12.7052810090114,0.967907237041985,10.8081828244091,14.6023791936137,5
29,19611.8039628434,12.7181340185733,0.973830266596471,10.8094266960442,14.6268413411023,5
30,19611.8039628434,12.7254059424535,0.975795734433079,10.8128463029647,14.6379655819423,5
31,19611.8039628434,12.7275874620799,0.973944842880083,10.818655570035,14.6365193541249,5
32,19611.8039628434,12.7251710901659,0.968445006377384,10.8270188776662,14.6233233026655,5
33,19611.8039628434,12.7186493394247,0.95948394293731,10.8380608112675,14.5992378675818,5
34,19611.8039628434,12.7085147225697,0.947266112417432,10.8518731422315,14.5651563029078,5
35,19611.8039628434,12.6952597523142,0.932010179391208,10.8685198007074,14.5219997039209,5
36,19611.8039628434,12.6793769413715,0.913947251981025,10.8880403274887,14.4707135552543,5
37,19611.8039628434,12.6613588024551,0.893319724571738,10.9104521422945,14.4122654626157,5
38,19611.8039628434,12.6416978482782,0.870380604831053,10.9357518628093,14.347643833747,5
39,19611.8039628434,12.6208865915541,0.845393240990871,10.963915839212,14.2778573438962,5
40,19611.8039628434,12.5994175449962,0.81863138796828,10.9949000245783,14.203935065414,5
41,19611.8039628434,12.5777832213178,0.790379562415257,11.0286392789839,14.1269271636517,5
42,19611.8039628434,12.5564761332322,0.76093363697282,11.0650462047655,14.047906061699,5
43,19611.8039628434,12.5359887934529,0.730601610654459,11.1040096365701,13.9679679503356,5
44,19611.8039628434,12.516813714693,0.699704460995085,11.1453929711427,13.8882344582434,5
45,19611.8039628434,12.499443409666,0.668576927644543,11.1890326314827,13.8098541878493,5
46,19611.8039628434,12.4843703910852,0.637567987736203,11.2347371351222,13.7340036470481,5
47,19611.8039628434,12.4720871716639,0.607040651633578,11.2822874944621,13.6618868488657,5
48,19611.8039628434,12.4630862641154,0.577370529016386,11.3314400272433,13.5947325009875,5
49,19611.8039628434,12.4578601811531,0.548942399664991,11.3819330778097,13.5337872844965,5
50,19611.8039628434,12.4569014354903,0.522143812629411,11.4334995627366,13.4803033082439,5
51,19611.8039628434,12.4607025398403,0.497354628958069,11.4858874670825,13.4355176125981,5
52,19611.8039628434,12.4697560069165,0.474931586655998,11.5388900970708,13.4006219167623,5
53,19611.8039628434,12.4845543494322,0.455187624400304,11.5923866056076,13.3767220932568,5
54,19611.8039628434,12.5055900801008,0.438367023147009,11.6463907147326,13.3647894454689,5
55,19611.8039628434,12.5333557116355,0.424619320663561,11.7011018431349,13.3656095801361,5
56,19611.8039628434,12.5683437567497,0.413976848869282,11.7569491329659,13.3797383805335,5
57,19611.8039628434,12.6110467281568,0.406341607969503,11.8146171765365,13.407476279777,5
58,19611.8039628434,12.66195713857,0.401486063367831,11.875044454369,13.4488698227709,5
59,19611.8039628434,12.7215675007027,0.399069274428641,11.9393917228226,13.5037432785828,5
60,19611.8039628434,12.7903703272682,0.398665781560513,12.0089853954096,13.5717552591268,5
61,19611.8039628434,12.8688581309799,0.399801769589703,12.0852466625841,13.6524695993757,5
62,19611.8039628434,12.9575234245511,0.401992417883544,12.1696182854994,13.7454285636029,5
63,19611.8039628434,13.0568587206952,0.404775882707023,12.2634979905894,13.8502194508009,5
64,19611.8039628434,13.1673565321253,0.407741888403606,12.3681824308543,13.9665306333964,5
65,19611.8039628434,13.289509371555,0.410555236642119,12.4848211077365,14.0941976353736,5
66,19611.8039628434,13.4237717366415,0.412980518341436,12.6143299206923,14.2332135525907,5
67,19611.8039628434,13.5697237787541,0.414994256970999,12.756335035091,14.3831125224173,5
68,19611.8039628434,13.7260713029741,0.41676588396304,12.9092101704066,14.5429324355417,5
69,19611.8039628434,13.8914820993267,0.418522921465942,13.0711771732535,14.7117870254,5
70,19611.8039628434,14.0646239578372,0.420515012526993,13.2404145332843,14.8888333823901,5
71,19611.8039628434,14.2441646685308,0.422985887409251,13.4151123292087,15.0732170078529,5
72,19611.8039628434,14.4287720214328,0.426148583347252,13.5935207980721,15.2640232447934,5
73,19611.8039628434,14.6171138065683,0.430164552998162,13.7739912826919,15.4602363304447,5
74,19611.8039628434,14.8078578139628,0.43512772145148,13.9550074799179,15.6607081480077,5
75,19611.8039628434,14.9996718336414,0.441054508494436,14.1352049969923,15.8641386702905,5
76,19611.8039628434,15.1912236556294,0.447880333318084,14.3133782023259,16.0690691089328,5
77,19611.8039628434,15.3811810699519,0.455462341208328,14.4884748811836,16.2738872587203,5
78,19611.8039628434,15.5682118666344,0.463587317072861,14.6595807251716,16.4768430080972,5
79,19611.8039628434,15.750983835702,0.471983238309196,14.825896688616,16.676070982788,5
80,19611.8039628434,15.92816476718,0.480332798908716,14.9867124813189,16.8696170530411,5
81,19611.8039628434,16.0984224510936,0.488287479046359,15.1413789921627,17.0554659100245,5
82,19611.8039628434,16.2604246774681,0.495481206381889,15.2892815129596,17.2315678419766,5
83,19611.8039628434,16.4128392363287,0.501543204520948,15.4298145554677,17.3958639171898,5
84,19611.8039628434,16.5543339177007,0.506110144268004,15.5623580349355,17.546309800466,5
85,19611.8039628434,16.6835765116094,0.508838168314915,15.6862537017122,17.6808993215066,5
86,19611.8039628434,16.7992348080799,0.509415776812012,15.8007798855284,17.7976897306315,5
87,19611.8039628434,16.899982113202,0.507579990519998,15.9051253317828,17.8948388946212,5
88,19611.8039628434,16.9851591768594,0.503252884279927,15.9987835236708,17.9715348300481,5
89,19611.8039628434,17.0554030240731,0.496669589790327,16.0819306280841,18.0288754200622,5
90,19611.8039628434,17.1114996136034,0.488176810953475,16.1546730641346,18.0683261630722,5
91,19611.8039628434,17.1542349042103,0.478206117606646,16.2169509137013,18.0915188947193,5
92,19611.8039628434,17.1843948546541,0.467276430033309,16.2685330517888,18.1002566575194,5
93,19611.8039628434,17.2027654236951,0.455997151763403,16.3090110062388,18.0965198411513,5
94,19611.8039628434,17.2101325700933,0.445068575819992,16.3377981614861,18.0824669787005,5
95,19611.8039628434,17.207282252609,0.435274705339355,16.3541438301438,18.0604206750741,5
96,19611.8039628434,17.1950004300024,0.427462296153992,16.3571743295405,18.0328265304642,5
97,19611.8039628434,17.1740730610336,0.422500099016113,16.345972866962,18.0021732551052,5
98,19611.8039628434,17.1452861044629,0.421215922055341,16.3197028972344,17.9708693116914,5
99,19611.8039628434,17.1094255190505,0.424317432195757,16.2777633519468,17.9410876861541,5
100,19611.8039628434,17.0672772635565,0.432313346608717,16.2199431042034,17.9146114229096,5
101,19611.8039628434,17.0196272967411,0.445458074454126,16.146529470811,17.8927251226712,5
102,19611.8039628434,16.9672615773646,0.463737946629539,16.0583352019707,17.8761879527585,5
103,19611.8039628434,16.9109660641872,0.486901509002323,15.9566391065426,17.8652930218317,5
104,19611.8039628434,16.8515267159689,0.514519821729822,15.8430678653785,17.8599855665594,5
105,19611.8039628434,16.7897294914701,0.546055582713853,15.7194605493509,17.8599984335892,5
106,19611.8039628434,16.7263603494509,0.580923811645346,15.587749678626,17.8649710202757,5
107,19611.8039628434,16.6622052486714,0.618535853316552,15.449874976171,17.8745355211719,5
0,19597.0211466296,10.0356521531127,1.17803530021057,7.72670296470002,12.3446013415255,6
1,19597.0211466296,10.1480221296521,1.10447763531593,7.98324596443286,12.3127982948713,6
2,19597.0211466296,10.2601472678398,1.03330222503962,8.23487490676215,12.2854196289175,6
3,19597.0211466296,10.3717827293243,0.965106533738059,8.48017392319774,12.2633915354509,6
4,19597.0211466296,10.482683675754,0.900572781483818,8.71756102404575,12.2478063274623,6
5,19597.0211466296,10.5926052687773,0.840476047888977,8.94527221491492,12.2399383226397,6
6,19597.0211466296,10.7013026700426,0.785683526525116,9.16136295805332,12.2412423820318,6
7,19597.0211466296,10.8085310411981,0.73713632202573,9.36374385002772,12.2533182323686,6
8,19597.0211466296,10.9140455438925,0.695802652325052,9.55027234533539,12.2778187424496,6
9,19597.0211466296,11.017601339774,0.662592612112089,9.71891982003429,12.3162828595137,6
10,19597.0211466296,11.118953590491,0.638234449416651,9.86801406963438,12.3698931113477,6
11,19597.0211466296,11.217857457692,0.623132659719074,9.9965174446426,12.4391974707414,6
12,19597.0211466296,11.3140681030253,0.617251111982648,10.1042559235393,12.5238802825113,6
13,19597.0211466296,11.4073406881393,0.620070443215468,10.192002619437,12.6226787568416,6
14,19597.0211466296,11.4974303746824,0.63064357267564,10.2613689722381,12.7334917771266,6
15,19597.0211466296,11.584092324303,0.64772879854535,10.3145438791541,12.8536407694519,6
16,19597.0211466296,11.6670816986495,0.669949435780513,10.3539808045197,12.9801825927793,6
17,19597.0211466296,11.7461536593703,0.69593139985494,10.3821281156546,13.110179203086,6
18,19597.0211466296,11.8210633681138,0.72439454152402,10.4012500667267,13.2408766695009,6
19,19597.0211466296,11.8915659865284,0.7541977318695,10.4133384320641,13.3697935409926,6
20,19597.0211466296,11.9574166762624,0.784350082411409,10.420090514736,13.4947428377888,6
21,19597.0211466296,12.0183705989643,0.814002415604871,10.4229258643787,13.6138153335498,6
22,19597.0211466296,12.0741829162824,0.842429780519945,10.4230205464633,13.7253452861015,6
23,19597.0211466296,12.1246087898652,0.869011655644067,10.4213459448028,13.8278716349276,6
24,19597.0211466296,12.1694033813611,0.89321326684004,10.4187053783546,13.9201013843675,6
25,19597.0211466296,12.2083218524183,0.914569442458572,10.4157657451995,14.0008779596371,6
26,19597.0211466296,12.2411193646854,0.932671348483905,10.413083521657,14.0691552077139,6
27,19597.0211466296,12.2675510798107,0.947155947325296,10.4111254230531,14.1239767365683,6
28,19597.0211466296,12.2873721594427,0.957697845380884,10.4102843824961,14.1644599363892,6
29,19597.0211466296,12.3003933060957,0.964030844138996,10.4108928515832,14.1898937606081,6
30,19597.0211466296,12.3069086335262,0.966157927622248,10.4132390953866,14.2005781716658,6
31,19597.0211466296,12.3074611608533,0.964233179079751,10.417564129857,14.1973581918496,6
32,19597.0211466296,12.3025959642654,0.95843385436823,10.4240656097037,14.1811263188272,6
33,19597.0211466296,12.2928581199509,0.948954748986873,10.4329068119366,14.1528094279651,6
34,19597.0211466296,12.2787927040979,0.936004881243376,10.4442231368609,14.1133622713349,6
35,19597.0211466296,12.2609447928949,0.919805123221951,10.4581267513799,14.0637628344099,6
36,19597.0211466296,12.2398594625302,0.900586543868292,10.4747098365483,14.005009088512,6
37,19597.0211466296,12.216081789192,0.878589305659816,10.4940467500988,13.9381168282852,6
38,19597.0211466296,12.1901568490687,0.854062010254669,10.5161953089696,13.8641183891679,6
39,19597.0211466296,12.1626297183487,0.82726142728098,10.541197320878,13.7840621158194,6
40,19597.0211466296,12.1340454732202,0.79845256914317,10.5690784376996,13.6990125087408,6
41,19597.0211466296,12.1049491898715,0.767909096450923,10.5998473608277,13.6100510189154,6
42,19597.0211466296,12.0758859444911,0.7359140548776,10.633494396931,13.5182774920512,6
43,19597.0211466296,12.0474008132671,0.702760954797,10.669989341865,13.4248122846692,6
44,19597.0211466296,12.0200388723879,0.668755207790186,10.7092786651192,13.3307990796567,6
45,19597.0211466296,11.9943451980419,0.634215923944658,10.7512819871104,13.2374084089735,6
46,19597.0211466296,11.9708648664174,0.599478041022063,10.7958879060141,13.1458418268206,6
47,19597.0211466296,11.9501429537026,0.564894684118826,10.8429493728297,13.0573365345755,6
48,19597.0211466296,11.9327245360859,0.530839515225166,10.8922790862446,12.9731699859272,6
49,19597.0211466296,11.9191546897556,0.49770858666252,10.9436458598971,12.8946635196141,6
50,19597.0211466296,11.9099784909,0.465920812828962,10.9967736977553,12.8231832840448,6
51,19597.0211466296,11.9057410157076,0.435915585555716,11.0513464680184,12.7601355633968,6
52,19597.0211466296,11.9069873403664,0.408145315141258,11.1070225226896,12.7069521580433,6
53,19597.0211466296,11.914262541065,0.383060006085389,11.1634649291376,12.6650601529924,6
54,19597.0211466296,11.9281116939916,0.361080947161988,11.2203930375541,12.6358303504291,6
55,19597.0211466296,11.9490798753345,0.342562182529616,11.2776579975764,12.6205017530925,6
56,19597.0211466296,11.9777121612821,0.32774257622928,11.3353367118727,12.6200876106914,6
57,19597.0211466296,12.0145536280226,0.316697656118286,11.3938262220307,12.6352810340144,6
58,19597.0211466296,12.0601493517444,0.30930600816851,11.4539095757341,12.6663891277547,6
59,19597.0211466296,12.1150444086358,0.30524477163956,11.5167646562223,12.7133241610494,6
60,19597.0211466296,12.1797838748852,0.304020090219959,11.5839044980541,12.7756632517163,6
61,19597.0211466296,12.2549128266808,0.305025243565941,11.6570633492915,12.85276230407,6
62,19597.0211466296,12.340976340211,0.307610142259301,11.7380604613827,12.9438922190392,6
63,19597.0211466296,12.438519491664,0.311146067684768,11.8286731990019,13.0483657843262,6
64,19597.0211466296,12.5480873572283,0.315076682552101,11.9305370594262,13.1656376550304,6
65,19597.0211466296,12.6702250130921,0.318954501706121,12.0450741897481,13.2953758364361,6
66,19597.0211466296,12.8054367726824,0.322472567067586,12.1733905412299,13.4374830041348,6
67,19597.0211466296,12.9532894059155,0.325596943735332,12.3151193961943,13.5914594156368,6
68,19597.0211466296,13.1124121391973,0.328535853093044,12.468481867135,13.7563424112597,6
69,19597.0211466296,13.2813934361721,0.331570215836944,12.6315158131317,13.9312710592125,6
70,19597.0211466296,13.4588217604844,0.335005301907168,12.8022113687463,14.1154321522224,6
71,19597.0211466296,13.6432855757784,0.339132673987633,12.9785855347626,14.3079856167942,6
72,19597.0211466296,13.8333733456987,0.344196989851484,13.1587472455898,14.5079994458076,6
73,19597.0211466296,14.0276735338896,0.350369166404304,13.3409499677372,14.714397100042,6
74,19597.0211466296,14.2247746039955,0.357727934640073,13.523627852101,14.9259213558901,6
75,19597.0211466296,14.4232650196609,0.366251240842336,13.7054125876099,15.1411174517119,6
76,19597.0211466296,14.6217332445302,0.375817531638162,13.8851308825194,15.358335606541,6
77,19597.0211466296,14.8187677422477,0.386215339370436,14.0617856770816,15.5757498074137,6
78,19597.0211466296,15.0129569764578,0.397158445121074,14.2345264240205,15.7913875288951,6
79,19597.0211466296,15.202889410805,0.408303605846236,14.4026143433464,16.0031644782636,6
80,19597.0211466296,15.3871535089337,0.419268316745544,14.5653876081124,16.2089194097549,6
81,19597.0211466296,15.5643377344882,0.429646988140492,14.7222296377328,16.4064458312436,6
82,19597.0211466296,15.733030551113,0.439024872880098,14.872541800268,16.593519301958,6
83,19597.0211466296,15.8918204224525,0.446989855296467,15.0157203060714,16.7679205388336,6
84,19597.0211466296,16.0392958121511,0.453142748867133,15.1511360243715,16.9274555999307,6
85,19597.0211466296,16.1740451838532,0.457107109703862,15.2781152488336,17.0699751188727,6
86,19597.0211466296,16.2946570012031,0.458539876387262,15.3959188434841,17.1933951589221,6
87,19597.0211466296,16.3997255394907,0.457145683829684,15.5037199991845,17.2957310797969,6
88,19597.0211466296,16.488548283092,0.452832412746548,15.6009967541088,17.3760998120752,6
89,19597.0211466296,16.5617884530383,0.445859294784045,15.6879042352616,17.435672670815,6
90,19597.0211466296,16.6202661847851,0.436603207793428,15.76452389751,17.4760084720603,6
91,19597.0211466296,16.664801613788,0.425532119051326,15.8307586604474,17.4988445671286,6
92,19597.0211466296,16.6962148755025,0.413214219042047,15.8863150061801,17.5061147448249,6
93,19597.0211466296,16.7153261053841,0.400329676106639,15.9306799402151,17.4999722705531,6
94,19597.0211466296,16.7229554388883,0.387680923672272,15.9631008284907,17.482810049286,6
95,19597.0211466296,16.7199230114707,0.376194200687659,15.9825823781229,17.4572636448185,6
96,19597.0211466296,16.7070489585868,0.36690104551023,15.9879229093867,17.4261750077868,6
97,19597.0211466296,16.6851534156921,0.360886165195141,15.9778165319096,17.3924902994745,6
98,19597.0211466296,16.6550565182421,0.359192942448608,15.9510383510428,17.3590746854414,6
99,19597.0211466296,16.6175784016924,0.362695070679985,15.9066960631596,17.3284607402252,6
100,19597.0211466296,16.5735392014985,0.371968610208116,15.8444807254906,17.3025976775064,6
101,19597.0211466296,16.5237590531159,0.387213778926132,15.7648200464207,17.2826980598111,6
102,19597.0211466296,16.4690580920002,0.408259459525221,15.6688695513307,17.2692466326696,6
103,19597.0211466296,16.4102564536068,0.434642383118272,15.558357382695,17.2621555245186,6
104,19597.0211466296,16.3481742733913,0.465720471684447,15.4353621488898,17.2609863978928,6
105,19597.0211466296,16.2836316868092,0.500778079531021,15.3021066509284,17.26515672269,6
106,19597.0211466296,16.2174488293161,0.539100650729796,15.1608115538857,17.2740861047465,6
107,19597.0211466296,16.1504458363675,0.580016604587535,15.0136132913759,17.2872783813591,6
0,19553.9675027459,10.4601439683853,1.19168376655937,8.12444378592889,12.7958441508416,7
1,19553.9675027459,10.5547926400615,1.12034352401073,8.35891933300048,12.7506659471225,7
2,19553.9675027459,10.6492376325168,1.05136203799468,8.58856803804721,12.7099072269864,7
3,19553.9675027459,10.7432752665302,0.985303942383679,8.81207953945816,12.6744709936022,7
4,19553.9675027459,10.8367018628807,0.92280532385442,9.02800342812601,12.6454002976353,7
5,19553.9675027459,10.9293137423474,0.864577855657286,9.23474114525909,12.6238863394356,7
6,19553.9675027459,11.0209072257093,0.811404649480024,9.43055411272844,12.6112603386901,7
7,19553.9675027459,11.1112786337455,0.764121252571076,9.61360097870616,12.6089562887848,7
8,19553.9675027459,11.200224287235,0.723573915695224,9.78201941247233,12.6184291619976,7
9,19553.9675027459,11.2875405069568,0.690548917136696,9.9340646293689,12.6410163845448,7
10,19553.9675027459,11.3730236136901,0.665674143249322,10.0683022929214,12.6777449344588,7
11,19553.9675027459,11.4564699282138,0.649308096184593,10.183826059692,12.7291137967356,7
12,19553.9675027459,11.537675771307,0.641446721786694,10.2804401966051,12.7949113460089,7
13,19553.9675027459,11.6164374637487,0.641683065007419,10.3587386563342,12.8741362711633,7
14,19553.9675027459,11.6925513263181,0.649239453867712,10.4200419967373,12.9650606558988,7
15,19553.9675027459,11.765813679794,0.663062585066976,10.4662110130627,13.0654163465253,7
16,19553.9675027459,11.8360208449556,0.681948092979919,10.499402582715,13.1726391071963,7
17,19553.9675027459,11.902969142582,0.70465764513411,10.5218401581191,13.2840981270448,7
18,19553.9675027459,11.9664548934521,0.730005383422562,10.5356443419438,13.3972654449603,7
19,19553.9675027459,12.026274418345,0.756908231707908,10.5427342841975,13.5098145524925,7
20,19553.9675027459,12.0822240380397,0.784406260447322,10.544787767563,13.6196603085165,7
21,19553.9675027459,12.1341000733154,0.811663191771756,10.5432402174428,13.724959929188,7
22,19553.9675027459,12.181698844951,0.837956121777428,10.5393048462672,13.8240928436347,7
23,19553.9675027459,12.2248166737256,0.862660823704041,10.5340014592656,13.9156318881855,7
24,19553.9675027459,12.2632498804182,0.885236403051596,10.5281865304371,13.9983132303993,7
25,19553.9675027459,12.2967947858079,0.905211215451734,10.5225808035225,14.0710087680933,7
26,19553.9675027459,12.3252477106737,0.922170823757849,10.5177928961083,14.1327025252391,7
27,19553.9675027459,12.3484049757947,0.935748163582716,10.5143385751725,14.1824713764168,7
28,19553.9675027459,12.3660629019498,0.945615808505513,10.512655917279,14.2194698866206,7
29,19553.9675027459,12.3780661626615,0.951506464779635,10.5131134916934,14.2430188336296,7
30,19553.9675027459,12.3846802794019,0.95341295897418,10.5159908798126,14.2533696789913,7
31,19553.9675027459,12.3863874655669,0.951475964315512,10.5214945755085,14.2512803556253,7
32,19553.9675027459,12.3836717253942,0.945861718405564,10.5297827573193,14.2375606934691,7
33,19553.9675027459,12.3770170631218,0.936756128142464,10.5409750519626,14.2130590742811,7
34,19553.9675027459,12.3669074829878,0.924361229966565,10.5551594722534,14.1786554937223,7
35,19553.9675027459,12.3538269892301,0.908892672382959,10.5723973513595,14.1352566271007,7
36,19553.9675027459,12.3382595860866,0.890577972541626,10.592726759905,14.0837924122682,7
37,19553.9675027459,12.3206892777953,0.869655377629737,10.616164737641,14.0252138179496,7
38,19553.9675027459,12.3016000685941,0.846373216677811,10.6427085639056,13.9604915732826,7
39,19553.9675027459,12.281475962721,0.820989666695829,10.6723362159972,13.8906157094449,7
40,19553.9675027459,12.260800964414,0.79377288337614,10.7050061129968,13.8165958158313,7
41,19553.9675027459,12.2400590779111,0.765001463166255,10.7406562101052,13.7394619457169,7
42,19553.9675027459,12.2197343074501,0.734965210546042,10.7792024947798,13.6602661201203,7
43,19553.9675027459,12.200310657269,0.703966179923971,10.8205369446181,13.58008436992,7
44,19553.9675027459,12.1822721316059,0.67231994117331,10.8645250469062,13.5000192163056,7
45,19553.9675027459,12.1661027346986,0.640356973584963,10.9110030664721,13.4212024029251,7
46,19553.9675027459,12.1522864707851,0.608424012917056,10.9597754054677,13.3447975361025,7
47,19553.9675027459,12.1413073441034,0.57688504407815,11.0106126577102,13.2720020304966,7
48,19553.9675027459,12.1336493588914,0.546121429761775,11.0632513565583,13.2040473612245,7
49,19553.9675027459,12.1297965193871,0.516530381396861,11.1173969718492,13.1421960669249,7
50,19553.9675027459,12.1302328298284,0.488520627320833,11.1727324002796,13.0877332593773,7
51,19553.9675027459,12.1354422944534,0.462503790560355,11.2289348649551,13.0419497239517,7
52,19553.9675027459,12.1459089174999,0.438879843803952,11.2857044236442,13.0061134113556,7
53,19553.9675027459,12.1621167032059,0.418015396171102,11.3428065267106,12.9814268797013,7
54,19553.9675027459,12.1845496558094,0.400214898979949,11.4001284538087,12.9689708578101,7
55,19553.9675027459,12.2136917795484,0.385687353039728,11.4577445675905,12.9696389915062,7
56,19553.9675027459,12.2500270786607,0.37451429326397,11.5159790638633,12.9840750934581,7
57,19553.9675027459,12.2940395573844,0.366627237036721,11.5754501727924,13.0126289419764,7
58,19553.9675027459,12.3462132199574,0.361802420395358,11.6370804759825,13.0553459639323,7
59,19553.9675027459,12.4070320706177,0.359676569733724,11.7020659939396,13.1119981472958,7
60,19553.9675027459,12.4769801136032,0.359781164083256,11.771809032,13.1821511952063,7
61,19553.9675027459,12.5565413531518,0.361587452434041,11.8478299463811,13.2652527599225,7
62,19553.9675027459,12.6461997935016,0.364553022285199,11.9316758698227,13.3607237171806,7
63,19553.9675027459,12.7464394388906,0.368162997528017,12.0248399637356,13.4680389140455,7
64,19553.9675027459,12.8577442935565,0.371962948120711,12.1286969152399,13.5867916718731,7
65,19553.9675027459,12.9805983617375,0.37558415899539,12.2444534101066,13.7167433133685,7
66,19553.9675027459,13.115448209695,0.378768896430694,12.3730611726908,13.8578352466992,7
67,19553.9675027459,13.2618793302311,0.381490817704368,12.5141573275306,14.0096013329317,7
68,19553.9675027459,13.4186161426888,0.383931957307661,12.6661095063658,14.1711227790118,7
69,19553.9675027459,13.5843456284345,0.386334828779551,12.8271293640266,14.3415618928424,7
70,19553.9675027459,13.7577547688345,0.388963718081562,12.9953858813946,14.5201236562744,7
71,19553.9675027459,13.9375305452553,0.392074817049206,13.1690639038388,14.7059971866717,7
72,19553.9675027459,14.1223599390632,0.395889997544992,13.346415543875,14.8983043342514,7
73,19553.9675027459,14.3109299316247,0.400574950831266,13.5258030279955,15.096056835254,7
74,19553.9675027459,14.5019275043062,0.406222893563526,13.7057306329217,15.2981243756907,7
75,19553.9675027459,14.6940396384741,0.412844935307276,13.8848635652718,15.5032157116764,7
76,19553.9675027459,14.8859533154947,0.42036755952228,14.0620328988311,15.7098737321584,7
77,19553.9675027459,15.0763555167346,0.428636741048792,14.2362275042789,15.9164835291902,7
78,19553.9675027459,15.26393322356,0.437427362793357,14.406575592485,16.121290854635,7
79,19553.9675027459,15.4473734173374,0.446456096107031,14.5723194689676,16.3224273657072,7
80,19553.9675027459,15.6253630794332,0.455395883931553,14.7327871469274,16.517939011939,7
81,19553.9675027459,15.7965891912138,0.463890533450219,14.8873637456514,16.7058146367762,7
82,19553.9675027459,15.9597387340456,0.471568503343831,15.0354644674917,16.8840130005995,7
83,19553.9675027459,16.1134986892949,0.47805558250408,15.176509747587,17.0504876310029,7
84,19553.9675027459,16.2565560383283,0.482986696803488,15.3099021125935,17.2032099640632,7
85,19553.9675027459,16.3875977625121,0.486017528117113,15.4350034074026,17.3401921176217,7
86,19553.9675027459,16.5053108432127,0.48683703182213,15.5511102608413,17.4595114255841,7
87,19553.9675027459,16.6083876906871,0.485183385019156,15.6574282560496,17.5593471253247,7
88,19553.9675027459,16.6961776109568,0.480983058616729,15.753450816068,17.6389044058456,7
89,19553.9675027459,16.7693056993377,0.474481352698386,15.8393222480489,17.6992891506266,7
90,19553.9675027459,16.8285436311924,0.466037039068805,15.9151110346176,17.7419762277673,7
91,19553.9675027459,16.8746630818835,0.456096189715258,15.9807145500416,17.7686116137254,7
92,19553.9675027459,16.9084357267734,0.44519603244222,16.0358515031867,17.7810199503602,7
93,19553.9675027459,16.9306332412249,0.433969506927378,16.0800530076472,17.7812134748026,7
94,19553.9675027459,16.9420273006004,0.423146721540789,16.1126597263805,17.7713948748204,7
95,19553.9675027459,16.9433895802626,0.413547677566636,16.132836132232,17.7539430282932,7
96,19553.9675027459,16.9354917555739,0.406058965048594,16.1396161840786,17.7313673270691,7
97,19553.9675027459,16.919105501897,0.401587385432589,16.1319942264491,17.7062167773449,7
98,19553.9675027459,16.8950024945944,0.400988161114275,16.1090656988104,17.6809392903784,7
99,19553.9675027459,16.8639544090287,0.404975902837973,16.0702016394663,17.6577071785912,7
100,19553.9675027459,16.8267329205625,0.414039428712302,16.0152156402864,17.6382502008386,7
101,19553.9675027459,16.7841097045583,0.428387726705774,15.944469760215,17.6237496489016,7
102,19553.9675027459,16.7368564363787,0.447945712002976,15.8588828408529,17.6148300319046,7
103,19553.9675027459,16.6857447913863,0.472398058154845,15.7598445974028,17.6116449853698,7
104,19553.9675027459,16.6315464449436,0.501261173302858,15.64907454527,17.6140183446172,7
105,19553.9675027459,16.5750330724132,0.533958560042976,15.5284742947289,17.6215918500974,7
106,19553.9675027459,16.5169763491576,0.569882264918941,15.4000071099165,17.6339455883988,7
107,19553.9675027459,16.4581479505395,0.608434232301987,15.2656168552276,17.6506790458514,7
0,19204.7308099322,10.742850932761,1.20162174590722,8.38767231078289,13.0980295547392,8
1,19204.7308099322,10.8364137681604,1.13049396849667,8.6206455899069,13.0521819464138,8
2,19204.7308099322,10.9297755080999,1.06176512562055,8.84871586188358,13.0108351543161,8
3,19204.7308099322,11.0227350571197,0.996001149550711,9.07057280400035,12.9748973102391,8
4,19204.7308099322,11.1150913197602,0.933837140541452,9.28477052429895,12.9454121152214,8
5,19204.7308099322,11.2066432005614,0.875980222991643,9.48972196349778,12.923564437625,8
6,19204.7308099322,11.2971896040636,0.823203872146765,9.6837100146559,12.9106691934712,8
7,19204.7308099322,11.3865294348069,0.776327453939712,9.86492762508503,12.9081312445287,8
8,19204.7308099322,11.4744615973315,0.736173777239243,10.0315609939426,12.9173622007204,8
9,19204.7308099322,11.5607849961776,0.703499454066552,10.1819260662072,12.9396439261481,8
10,19204.7308099322,11.6452985358855,0.678900203099968,10.3146541378096,12.9759429339614,8
11,19204.7308099322,11.7278011209953,0.662706236188437,10.4288968980659,13.0267053439246,8
12,19204.7308099322,11.8080916560471,0.654896303420149,10.5244949013436,13.0916884107506,8
13,19204.7308099322,11.8859690455812,0.655062203165116,10.6020471273776,13.1698909637849,8
14,19204.7308099322,11.9612321941378,0.662440910709407,10.6628480091474,13.2596163791283,8
15,19204.7308099322,12.0336800062571,0.676004833969258,10.7087105316773,13.3586494808368,8
16,19204.7308099322,12.1031113864792,0.694579436813481,10.7417356903248,13.4644870826336,8
17,19204.7308099322,12.1693252393443,0.71695432062363,10.764094770922,13.5745557077666,8
18,19204.7308099322,12.2321204693927,0.741966182629253,10.7778667514394,13.686374187346,8
19,19204.7308099322,12.2912959811645,0.768548116461874,10.7849416728992,13.7976502894298,8
20,19204.7308099322,12.3466506791999,0.795750564324725,10.7869795731234,13.9063217852763,8
21,19204.7308099322,12.3979834680391,0.822743093329399,10.7854070051135,14.0105599309647,8
22,19204.7308099322,12.4450932522223,0.848805474117064,10.7814345229528,14.1087519814917,8
23,19204.7308099322,12.4877789362896,0.873314144162658,10.7760832137308,14.1994746588484,8
24,19204.7308099322,12.5258394247814,0.895727750683564,10.7702130334416,14.2814658161211,8
25,19204.7308099322,12.5590736222376,0.915573707356957,10.764549155818,14.3535980886573,8
26,19204.7308099322,12.5872804331987,0.932436598707037,10.7597046997329,14.4148561666645,8
27,19204.7308099322,12.6102587622047,0.945948661306841,10.7561993860433,14.4643181383661,8
28,19204.7308099322,12.6278075137958,0.955782284177057,10.7544742368087,14.5011407907828,8
29,19204.7308099322,12.6397737529209,0.961670488299471,10.7548995958539,14.5246479099879,8
30,19204.7308099322,12.6464237184566,0.963605459933099,10.7577570169877,14.5350904199255,8
31,19204.7308099322,12.6482394792592,0.961727208679629,10.7632541502471,14.5332248082713,8
32,19204.7308099322,12.6457048879039,0.95620214960943,10.7715486746694,14.5198611011384,8
33,19204.7308099322,12.6393037969657,0.947217151179928,10.7827581806531,14.4958494132784,8
34,19204.7308099322,12.62952005902,0.934975953686634,10.7969671897942,14.4620729282458,8
35,19204.7308099322,12.6168375266418,0.919696630376766,10.8142321311033,14.4194429221802,8
36,19204.7308099322,12.6017400524062,0.901609839932445,10.8345847661387,14.3688953386738,8
37,19204.7308099322,12.5847114888886,0.880957697603622,10.8580344015855,14.3113885761917,8
38,19204.7308099322,12.5662356886639,0.857993146365461,10.8845691217876,14.2479022555402,8
39,19204.7308099322,12.5467965043074,0.832979746364141,10.9141562014337,14.1794368071811,8
40,19204.7308099322,12.5268777883943,0.80619182477742,10.9467418118305,14.107013764958,8
41,19204.7308099322,12.5069633934996,0.7779149408336,10.9822501094657,14.0316766775335,8
42,19204.7308099322,12.4875371721986,0.748446621743211,11.0205817935819,13.9544925508153,8
43,19204.7308099322,12.4690829770664,0.718097312110356,11.0616122453301,13.8765537088027,8
44,19204.7308099322,12.4520846606781,0.687191446868342,11.1051894248162,13.7989798965401,8
45,19204.7308099322,12.437026075609,0.656068497911082,11.1511318197033,13.7229203315148,8
46,19204.7308099322,12.4243910744342,0.625083746611222,11.1992269310762,13.6495552177922,8
47,19204.7308099322,12.4146635097288,0.594608386490314,11.2492310722078,13.5800959472499,8
48,19204.7308099322,12.4083272340681,0.565028354675772,11.3008716589036,13.5157828092326,8
49,19204.7308099322,12.4058661000271,0.53674103547347,11.3538536704991,13.4578785295551,8
50,19204.7308099322,12.407763960181,0.51014871962086,11.4078724697241,13.4076554506379,8
51,19204.7308099322,12.414504667105,0.485647551167022,11.4626354668177,13.3663738673924,8
52,19204.7308099322,12.4265720733743,0.463610855129242,11.517894797321,13.3352493494276,8
53,19204.7308099322,12.444450031564,0.4443664889189,11.573491713283,13.315408349845,8
54,19204.7308099322,12.4686223942492,0.428169416046035,11.629410338799,13.3078344496995,8
55,19204.7308099322,12.4995730140052,0.415172950082952,11.6858340318426,13.3133119961678,8
56,19204.7308099322,12.5377857434071,0.405404335064254,11.7431932466811,13.332378240133,8
57,19204.7308099322,12.58374443503,0.398751228404852,11.8021920273564,13.3652968427035,8
58,19204.7308099322,12.6379329414491,0.394964093162135,11.8638033188513,13.4120625640468,8
59,19204.7308099322,12.7008351152395,0.393675562508924,11.929231012722,13.472439217757,8
60,19204.7308099322,12.7729348089765,0.394433193303869,11.9998457501009,13.5460238678521,8
61,19204.7308099322,12.8547158752352,0.396738965572162,12.0771075027138,13.6323242477566,8
62,19204.7308099322,12.9466621665907,0.400088665888098,12.16248838145,13.7308359517314,8
63,19204.7308099322,13.0492575356182,0.404006429144988,12.257404934494,13.8411101367424,8
64,19204.7308099322,13.1629858348929,0.408072698340632,12.3631633461453,13.9628083236405,8
65,19204.7308099322,13.2883309169899,0.411946355821466,12.4809160595798,14.0957457744,8
66,19204.7308099322,13.4257387348435,0.415387734079558,12.6115787760475,14.2398986936394,8
67,19204.7308099322,13.5747835496462,0.418369823475902,12.7547786956334,14.394788403659,8
68,19204.7308099322,13.7341679308493,0.421057492334667,12.9088952458733,14.5594406158252,8
69,19204.7308099322,13.9025565482628,0.423671349449851,13.0721607033411,14.7329523931845,8
70,19204.7308099322,14.078614071697,0.426452294881933,13.2427675737284,14.9144605696656,8
71,19204.7308099322,14.261005170962,0.429634452049546,13.4189216449449,15.1030886969791,8
72,19204.7308099322,14.448394515868,0.433421622663584,13.5988881354474,15.2979008962886,8
73,19204.7308099322,14.6394467762252,0.437967722806987,13.7810300395235,15.4978635129269,8
74,19204.7308099322,14.8328266218436,0.443362037623598,13.9638370281014,15.7018162155859,8
75,19204.7308099322,15.0271987225336,0.449620091643406,14.1459433429125,15.9084541021546,8
76,19204.7308099322,15.2212277481052,0.456680500962933,14.3261339662178,16.1163215299925,8
77,19204.7308099322,15.4135783683686,0.464407514075113,14.5033396407814,16.3238170959558,8
78,19204.7308099322,15.602915253134,0.472598297666077,14.6766225897085,16.5292079165595,8
79,19204.7308099322,15.7879030722115,0.48099359580935,14.8451556244252,16.7306505199979,8
80,19204.7308099322,15.9672064954114,0.489290291840957,15.0081975234031,16.9262154674197,8
81,19204.7308099322,16.1394901925438,0.497154610038173,15.165067156869,17.1139132282186,8
82,19204.7308099322,16.3034188334188,0.504235102054824,15.3151180333913,17.2917196334462,8
83,19204.7308099322,16.4576570878466,0.510175046467849,15.4577139967697,17.4576001789236,8
84,19204.7308099322,16.6008696256375,0.514624359904689,15.5922058802243,17.6095333710507,8
85,19204.7308099322,16.7317211166015,0.51725154324563,15.71790809184,17.7455341413629,8
86,19204.7308099322,16.8488762305488,0.517756588158766,15.8340733177576,17.86367914334,8
87,19204.7308099322,16.9510051765953,0.515887160616548,15.9398663417869,17.9621440114037,8
88,19204.7308099322,17.0374484198477,0.511571737957334,16.0347678134513,18.0401290262441,8
89,19204.7308099322,17.1088481622542,0.505044024070076,16.1189618750769,18.0987344494316,8
90,19204.7308099322,17.1659961670173,0.496646866757731,16.1925683081721,18.1394240258625,8
91,19204.7308099322,17.2096841973393,0.486805897811176,16.2555446376294,18.1638237570492,8
92,19204.7308099322,17.2407040164228,0.476031379620935,16.3076825123657,18.1737255204798,8
93,19204.7308099322,17.25984738747,0.464920535216089,16.3486031384464,18.1710916364935,8
94,19204.7308099322,17.2679060736834,0.454157169380667,16.3777580216973,18.1580541256695,8
95,19204.7308099322,17.2656718382654,0.444504082459903,16.394443836644,18.1368998398868,8
96,19204.7308099322,17.2539364444185,0.436782656565449,16.3978424375502,18.1100304512868,8
97,19204.7308099322,17.233491655345,0.431834250903428,16.3870965235743,18.0798867871157,8
98,19204.7308099322,17.2051292342474,0.430461365087033,16.3614249586768,18.048833509818,8
99,19204.7308099322,17.169640944328,0.433353890347877,16.3202673192462,18.0190145694099,8
100,19204.7308099322,17.1278185487894,0.441015256002529,16.2634286470244,17.9922084505543,8
101,19204.7308099322,17.0804538108338,0.453709149598882,16.19118387762,17.9697237440476,8
102,19204.7308099322,17.0283384936638,0.471443646894416,16.1043089457507,17.9523680415768,8
103,19204.7308099322,16.9722643604817,0.493996129842637,16.0040319459901,17.9404967749732,8
104,19204.7308099322,16.9130231744899,0.520967411986238,15.8919270469969,17.9341193019829,8
105,19204.7308099322,16.8514066988909,0.551846177364082,15.7697881912573,17.9330252065245,8
106,19204.7308099322,16.7882066968871,0.586067384875026,15.639514622532,17.9368987712421,8
107,19204.7308099322,16.7242149316808,0.623056041928982,15.5030250895,17.9454047738616,8
0,19522.2300313031,10.756424206559,1.20677902179933,8.39113732383233,13.1217110892857,9
1,19522.2300313031,10.8401277672945,1.13623965279726,8.61309804781183,13.0671574867771,9
2,19522.2300313031,10.9236496498541,1.0680538156824,8.83026417111659,13.0170351285916,9
3,19522.2300313031,11.0068081760622,1.00277082148947,9.04137736594281,12.9722389861815,9
4,19522.2300313031,11.0894216677429,0.941004970036815,9.24505192647074,12.9337914090151,9
5,19522.2300313031,11.1713084467205,0.883437931751424,9.43977010048769,12.9028467929533,9
6,19522.2300313031,11.2522868348191,0.830813224134777,9.62389291551496,12.8806807541233,9
7,19522.2300313031,11.3321751538631,0.783917135860957,9.79569756757559,12.8686527401505,9
8,19522.2300313031,11.4107917256765,0.743539610258796,9.95345408956926,12.8681293617837,9
9,19522.2300313031,11.4879548720837,0.710410305199491,10.0955506738927,12.8803590702747,9
10,19522.2300313031,11.5634829149087,0.685111389850647,10.2206645908015,12.906301239016,9
11,19522.2300313031,11.637194175976,0.667980032446902,10.32795331238,12.9464350395719,9
12,19522.2300313031,11.7089069771096,0.65902574973648,10.4172165076261,13.0005974465931,9
13,19522.2300313031,11.7784396401337,0.65789175747974,10.4889717954734,13.067907484794,9
14,19522.2300313031,11.8456104868727,0.663877879197723,10.5444098436451,13.1468111301002,9
15,19522.2300313031,11.9102378391506,0.676019250830189,10.5852401075235,13.2352355707778,9
16,19522.2300313031,11.9721400187918,0.693194612038023,10.6134785791973,13.3308014583863,9
17,19522.2300313031,12.0311353476204,0.714232781833528,10.6312390952267,13.4310316000141,9
18,19522.2300313031,12.0870421474606,0.737995471636698,10.6405710230527,13.5335132718686,9
19,19522.2300313031,12.1396787401368,0.763429107367144,10.6433576896972,13.6359997905764,9
20,19522.2300313031,12.1888634474729,0.789589148919634,10.6412687155905,13.7364581793554,9
21,19522.2300313031,12.2344145912934,0.815644946895393,10.6357504953784,13.8330786872084,9
22,19522.2300313031,12.2761504934224,0.840873170852169,10.6280390785521,13.9242619082926,9
23,19522.2300313031,12.3138894756841,0.864645867327239,10.6191835757227,14.0085953756455,9
24,19522.2300313031,12.3474498599027,0.886416991743406,10.6100725560856,14.0848271637198,9
25,19522.2300313031,12.3766499679025,0.905709528276016,10.6014592924815,14.1518406433235,9
26,19522.2300313031,12.4013081215076,0.922104183152704,10.5939839225283,14.2086323204869,9
27,19522.2300313031,12.4212426425423,0.935229990457186,10.5881918612463,14.2542934238384,9
28,19522.2300313031,12.4362718528308,0.944756846152034,10.5845484343729,14.2879952712888,9
29,19522.2300313031,12.4462588361081,0.950415558067352,10.5834443422961,14.3090733299201,9
30,19522.2300313031,12.4514562705172,0.952193189438731,10.5851576192173,14.3177549218171,9
31,19522.2300313031,12.4523174338752,0.9502235671432,10.5898792422746,14.3147556254759,9
32,19522.2300313031,12.4492972618479,0.944667598562292,10.5977487686658,14.30084575503,9
33,19522.2300313031,12.4428506901009,0.935707183296566,10.6088646108396,14.2768367693621,9
34,19522.2300313031,12.4334326542998,0.923541510439493,10.6232912938384,14.2435740147612,9
35,19522.2300313031,12.4214980901103,0.908384421757671,10.6410646234652,14.2019315567553,9
36,19522.2300313031,12.407501933198,0.890462583314122,10.6621952699024,14.1528085964937,9
37,19522.2300313031,12.3918991192287,0.870014287780735,10.6866711151785,14.097127123279,9
38,19522.2300313031,12.375144583868,0.847288764640543,10.7144586051726,14.0358305625635,9
39,19522.2300313031,12.3576932627815,0.822545912967225,10.7455032733658,13.9698832521973,9
40,19522.2300313031,12.340000091635,0.796056395704657,10.7797295560538,13.9002706272161,9
41,19522.2300313031,12.322520006094,0.768102047184721,10.8170399936119,13.828000018576,9
42,19522.2300313031,12.3057079418242,0.738976546719727,10.8573139102535,13.7541019733948,9
43,19522.2300313031,12.2900188344913,0.708986297992043,10.9004056904269,13.6796319785557,9
44,19522.2300313031,12.2759076197609,0.678451421660646,10.9461428333061,13.6056724062158,9
45,19522.2300313031,12.2638292332988,0.647706709367888,10.9943240829377,13.5333343836598,9
46,19522.2300313031,12.2542386107705,0.617102290850732,11.0447181207031,13.4637591008379,9
47,19522.2300313031,12.2475906878418,0.587003620989503,11.0970635907023,13.3981177849812,9
48,19522.2300313031,12.2443404001782,0.55779019354156,11.1510716208367,13.3376091795196,9
49,19522.2300313031,12.2449426834455,0.529852142038594,11.2064324850498,13.2834528818411,9
50,19522.2300313031,12.2498524733092,0.503583641525432,11.2628285359194,13.2368764106991,9
51,19522.2300313031,12.2595247054352,0.479371888563805,11.3199558038501,13.1990936070202,9
52,19522.2300313031,12.2744143154889,0.45758061024691,11.377556319405,13.1712723115729,9
53,19522.2300313031,12.2949762391362,0.438527800157143,11.4354617508282,13.1544907274442,9
54,19522.2300313031,12.3216654120426,0.42245890183782,11.4936459644405,13.1496848596447,9
55,19522.2300313031,12.3549367698738,0.409518837513127,11.5522798483481,13.1575936913995,9
56,19522.2300313031,12.3952452482955,0.399728400840465,11.6117775826482,13.1787129139428,9
57,19522.2300313031,12.4430457829733,0.392971358847659,11.6728219196319,13.2132696463147,9
58,19522.2300313031,12.4987933095729,0.388997060179991,11.7363590716201,13.2612275475256,9
59,19522.2300313031,12.5629427637599,0.387439520350362,11.8035613038732,13.3223242236466,9
60,19522.2300313031,12.6359490812,0.38784947920974,11.8757641019489,13.3961340604511,9
61,19522.2300313031,12.7182671975589,0.389732993912424,11.9543905294906,13.4821438656273,9
62,19522.2300313031,12.8103520485022,0.392589937360057,12.0408757712765,13.579828325728,9
63,19522.2300313031,12.9126585696957,0.395947846942808,12.1366007896877,13.6887163497036,9
64,19522.2300313031,13.0256416968048,0.399389466010113,12.242838343425,13.8084450501846,9
65,19522.2300313031,13.1497563654954,0.402574754293537,12.36070984708,13.9388028839107,9
66,19522.2300313031,13.2854214603771,0.405264448779826,12.4911031407687,14.0797397799856,9
67,19522.2300313031,13.4322266917752,0.407439754657689,12.6336447726461,14.2308086109042,9
68,19522.2300313031,13.5889325957297,0.409282182828469,12.7867395173859,14.3911256740735,9
69,19522.2300313031,13.7542636572253,0.411029952738259,12.9486449498583,14.5598823645923,9
70,19522.2300313031,13.9269443612462,0.412942359009901,13.1175773375868,14.7363113849056,9
71,19522.2300313031,14.105699192777,0.415272404084613,13.2917652807711,14.9196331047828,9
72,19522.2300313031,14.289252636802,0.41824249723599,13.4694973422195,15.1090079313846,9
73,19522.2300313031,14.4763291783057,0.422023807476885,13.6491625156511,15.3034958409604,9
74,19522.2300313031,14.6656533022726,0.426720333608745,13.8292814483995,15.5020251561457,9
75,19522.2300313031,14.855949493687,0.432358760389024,14.0085263233245,15.7033726640495,9
76,19522.2300313031,15.0459422375334,0.438884704973436,14.1857282157855,15.9061562592813,9
77,19522.2300313031,15.2343560187962,0.446165188958472,14.3598722484376,16.1088397891548,9
78,19522.2300313031,15.4199153224599,0.453996377874763,14.5300824218254,16.3097482230944,9
79,19522.2300313031,15.6013446335088,0.462115081702653,14.6955990733716,16.507090193646,9
80,19522.2300313031,15.7773684369275,0.470212352541215,14.8557522259467,16.6989846479083,9
81,19522.2300313031,15.9467112177003,0.477947733174413,15.0099336606784,16.8834887747221,9
82,19522.2300313031,16.1080974608116,0.484963174217788,15.1575696393448,17.0586252822785,9
83,19522.2300313031,16.260251651246,0.490896192613021,15.2980951137245,17.2224081887675,9
84,19522.2300313031,16.4018982739878,0.495392378179769,15.4309292127554,17.3728673352201,9
85,19522.2300313031,16.5317618140214,0.498117826193255,15.5554508746826,17.5080727533602,9
86,19522.2300313031,16.6485667563313,0.4987725061769,15.6709726442246,17.6261608684381,9
87,19522.2300313031,16.7510428739586,0.497106979580868,15.7767131939801,17.7253725539371,9
88,19522.2300313031,16.8385597947919,0.493054829575386,15.8721723288242,17.8049472607597,9
89,19522.2300313031,16.9117298400194,0.48685600483862,15.9574920705357,17.8659676095031,9
90,19522.2300313031,16.9713081083572,0.478862960226039,16.0327367063141,17.9098795104002,9
91,19522.2300313031,17.0180496985213,0.469514554463213,16.0978011717734,17.9382982252692,9
92,19522.2300313031,17.0527097092278,0.459337744587389,16.1524077298365,17.9530116886191,9
93,19522.2300313031,17.0760432391929,0.448949323606403,16.1961025649244,17.9559839134615,9
94,19522.2300313031,17.0888053871327,0.43905405072037,16.2282594477208,17.9493513265446,9
95,19522.2300313031,17.0917512517632,0.430434154039352,16.2481003098461,17.9354021936803,9
96,19522.2300313031,17.0856359318006,0.423924242728847,16.254744416052,17.9165274475491,9
97,19522.2300313031,17.0712145259609,0.42036658667865,16.2472960160707,17.895133035851,9
98,19522.2300313031,17.0492421329602,0.420546261787518,16.2249714598566,17.8735128060637,9
99,19522.2300313031,17.0204738515146,0.425114260309431,16.1872499013082,17.8536978017211,9
100,19522.2300313031,16.9856647803403,0.434516169863107,16.1340130874086,17.837316473272,9
101,19522.2300313031,16.9455700181533,0.44894771291657,16.0656325008368,17.8255075354698,9
102,19522.2300313031,16.9009446636697,0.468351140488429,15.9829764283124,17.8189128990271,9
103,19522.2300313031,16.8525438156057,0.492451002589628,15.88733985053,17.8177477806814,9
104,19522.2300313031,16.8011225726772,0.520814026121068,15.78032708148,17.8219180638745,9
105,19522.2300313031,16.7474360336005,0.552913630035224,15.6637253187315,17.8311467484695,9
106,19522.2300313031,16.6922392970916,0.588184621762009,15.539397438438,17.8450811557451,9
107,19522.2300313031,16.6362874618666,0.626061960203712,15.4092060198673,17.8633689038658,9
0,19839.2697756584,10.0121969178481,1.17328526979257,7.7125577890547,12.3118360466416,10
1,19839.2697756584,10.122622411661,1.10013487185521,7.96635806282478,12.2788867604972,10
2,19839.2697756584,10.232809621338,1.02934447115934,8.21529445786567,12.2503247848103,10
3,19839.2697756584,10.3425202627432,0.961505449371751,8.45796958197458,12.2270709435118,10
4,19839.2697756584,10.4515160517408,0.897292819277098,8.69282212595769,12.2102099775239,10
5,19839.2697756584,10.5595587041949,0.837473260518038,8.91811111357954,12.2010062948102,10
6,19839.2697756584,10.6664099359696,0.782904507471579,9.1319171013253,12.2009027706139,10
7,19839.2697756584,10.771831462929,0.73451765823085,9.33217685279657,12.2114860730615,10
8,19839.2697756584,10.8755850009373,0.693271464703557,9.51677293011837,12.2343970717563,10
9,19839.2697756584,10.9774322658586,0.660068846433006,9.68369732684993,12.2711672048673,10
10,19839.2697756584,11.077134973557,0.635635326586464,9.83128973344754,12.3229802136665,10
11,19839.2697756584,11.1744548398966,0.620378934604643,9.95851212807153,12.3903975517217,10
12,19839.2697756584,11.2691535807416,0.614273752280339,10.0651770262721,12.4731301352111,10
13,19839.2697756584,11.3609929119561,0.616815762597776,10.1520340172644,12.5699518066477,10
14,19839.2697756584,11.4497345494041,0.627075384029991,10.2206667967053,12.6788023021029,10
15,19839.2697756584,11.5351402089499,0.643827516073013,10.2732382774468,12.797042140453,10
16,19839.2697756584,11.6169716064575,0.665709219710182,10.3121815358255,12.9217616770894,10
17,19839.2697756584,11.6949904577911,0.691356720330045,10.3399312859442,13.050049629638,10
18,19839.2697756584,11.7689584788147,0.719497118708606,10.3587441261459,13.1791728314836,10
19,19839.2697756584,11.8386373853926,0.748994234796537,10.3706086851914,13.3066660855938,10
20,19839.2697756584,11.9037888933888,0.778860580222699,10.3772221561523,13.4303556306253,10
21,19839.2697756584,11.9641747186675,0.808249414747666,10.3800058657621,13.5483435715729,10
22,19839.2697756584,12.0195565770928,0.83643766313624,10.3801387573457,13.6589743968398,10
23,19839.2697756584,12.0696961845287,0.862806372074733,10.3785956952623,13.7607966737952,10
24,19839.2697756584,12.1143552568395,0.886822181540325,10.3761837810205,13.8525267326586,10
25,19839.2697756584,12.1532955098893,0.908021270207096,10.3735738202834,13.9330171994952,10
26,19839.2697756584,12.1862786595421,0.925996143755672,10.371326217781,14.0012311013032,10
27,19839.2697756584,12.2130664216621,0.94038512632833,10.3699115740586,14.0562212692656,10
28,19839.2697756584,12.2334205121134,0.950864230559257,10.3697266202173,14.0971144040096,10
29,19839.2697756584,12.2471570366548,0.957168512114438,10.3711067529105,14.1232073203991,10
30,19839.2697756584,12.2545654945713,0.959300403082117,10.3743367045304,14.1347942846123,10
31,19839.2697756584,12.2561791324537,0.957412511884169,10.3796506091607,14.1327076557466,10
32,19839.2697756584,12.2525332113327,0.951680648682907,10.3872391399142,14.1178272827512,10
33,19839.2697756584,12.2441629922395,0.942298204820122,10.397258510792,14.0910674736869,10
34,19839.2697756584,12.231603736205,0.929472841246475,10.4098369673619,14.0533705050481,10
35,19839.2697756584,12.2153907042602,0.913424125763886,10.425079417763,14.0057019907574,10
36,19839.2697756584,12.1960591574362,0.894381883531773,10.4430706657139,13.9490476491584,10
37,19839.2697756584,12.1741443567639,0.872585102388822,10.4638775560818,13.8844111574459,10
38,19839.2697756584,12.1501815632743,0.848281288404056,10.4875502380023,13.8128128885462,10
39,19839.2697756584,12.1247060379985,0.821726205730929,10.5141226747658,13.7352894012311,10
40,19839.2697756584,12.0982530419674,0.793183963357985,10.5436124737857,13.652893610149,10
41,19839.2697756584,12.071357836212,0.762927432732982,10.5760200680554,13.5666956043687,10
42,19839.2697756584,12.0445556817634,0.731238995846979,10.6113272499033,13.4777841136235,10
43,19839.2697756584,12.0183818396525,0.698411632920869,10.6494950391276,13.3872686401774,10
44,19839.2697756584,11.9933715709104,0.664750359977217,10.6904608653551,13.2962822764658,10
45,19839.2697756584,11.970060136568,0.630574013877886,10.7341350693674,13.2059852037687,10
46,19839.2697756584,11.9489827976564,0.596217345697481,10.7803968000894,13.1175687952235,10
47,19839.2697756584,11.9306748152065,0.5620333052522,10.8290895369122,13.0322600935009,10
48,19839.2697756584,11.9156714502494,0.5283952529348,10.8800167544972,12.9513261460016,10
49,19839.2697756584,11.904507963816,0.495698581173716,10.9329387447156,12.8760771829165,10
50,19839.2697756584,11.8977196169374,0.464360822339989,10.987572405151,12.8078668287238,10
51,19839.2697756584,11.8958416706446,0.43481873579757,11.0435969484813,12.7480863928078,10
52,19839.2697756584,11.8994093859684,0.407520155749163,11.1006698807001,12.6981488912368,10
53,19839.2697756584,11.9089580239401,0.382907790647672,11.1584587542707,12.6594572936095,10
54,19839.2697756584,11.9250228455905,0.361392281791899,11.2166939732784,12.6333517179026,10
55,19839.2697756584,11.9481391119507,0.343313591184684,11.2752444732287,12.6210337506726,10
56,19839.2697756584,11.9788420840516,0.328894004416879,11.3342098353945,12.6234743327087,10
57,19839.2697756584,12.0176670229243,0.318192161682069,11.3940103860274,12.6413236598211,10
58,19839.2697756584,12.0651491895998,0.311072472601914,11.4554471433,12.6748512358995,10
59,19839.2697756584,12.121823845109,0.307203347652844,11.5197052837094,12.7239424065086,10
60,19839.2697756584,12.188226250483,0.306088864956885,11.5882920751675,12.7881604257985,10
61,19839.2697756584,12.2648916667527,0.307126094205695,11.6629245221096,12.8668588113959,10
62,19839.2697756584,12.3523553549493,0.309672290743018,11.745397665093,12.9593130448056,10
63,19839.2697756584,12.4511525761036,0.313106895039226,11.8374630618267,13.0648420903805,10
64,19839.2697756584,12.5618185912467,0.316880218357909,11.9407333632652,13.1829038192282,10
65,19839.2697756584,12.6848886614095,0.32054833971094,12.0566139155761,13.313163407243,10
66,19839.2697756584,12.8208577923828,0.323804033607568,12.1862018865119,13.4555136982536,10
67,19839.2697756584,12.9692951194276,0.326612322649129,12.3291349670353,13.6094552718199,10
68,19839.2697756584,13.1288439072758,0.329181601061048,12.4836479691962,13.7740398453555,10
69,19839.2697756584,13.298107165419,0.331793215349509,12.647792463334,13.9484218675041,10
70,19839.2697756584,13.4756879033486,0.334754413264376,12.8195692533504,14.1318065533467,10
71,19839.2697756584,13.6601891305559,0.338361302545985,12.9970009775658,14.323377283546,10
72,19839.2697756584,13.8502138565325,0.342866129416704,13.1781962428758,14.5222314701892,10
73,19839.2697756584,14.0443650907698,0.348450298280741,13.3614025061396,14.7273276754001,10
74,19839.2697756584,14.2412458427593,0.355205205140095,13.5450436406847,14.9374480448339,10
75,19839.2697756584,14.4394591219923,0.363122537627019,13.7277389482434,15.1511792957413,10
76,19839.2697756584,14.6376079379605,0.372094378483441,13.9083029561329,15.366912919788,10
77,19839.2697756584,14.8342953001551,0.381921819933006,14.0857285330864,15.5828620672238,10
78,19839.2697756584,15.0281242180677,0.392329548165046,14.2591583036642,15.7970901324712,10
79,19839.2697756584,15.2176977011897,0.402983420295217,14.4278501974111,16.0075452049684,10
80,19839.2697756584,15.4016187590126,0.413508426897556,14.5911422422934,16.2120952757318,10
81,19839.2697756584,15.5784904010278,0.423505292542725,14.7484200276441,16.4085607744115,10
82,19839.2697756584,15.7469156367267,0.432564932571757,14.8990883688861,16.5947429045674,10
83,19839.2697756584,15.9054974756009,0.440280799512826,15.0425471085558,16.7684478426461,10
84,19839.2697756584,16.0528389271417,0.446259735234469,15.1781698460822,16.9275080082013,10
85,19839.2697756584,16.1875430008407,0.450132344485012,15.3052836056501,17.0698023960313,10
86,19839.2697756584,16.3082127061892,0.451564238530629,15.4231467986692,17.1932786137092,10
87,19839.2697756584,16.4134568099009,0.450271022311761,15.5309256061698,17.2959880136319,10
88,19839.2697756584,16.5025807025711,0.446170481447632,15.6280865589337,17.3770748462084,10
89,19839.2697756584,16.5762427220034,0.439526770477636,15.7147702518672,17.4377151921395,10
90,19839.2697756584,16.6352566509998,0.430723396081772,15.7910387946795,17.47947450732,10
91,19839.2697756584,16.6804362723622,0.420237173060196,15.8567714131642,17.5041011315602,10
92,19839.2697756584,16.7125953688928,0.408646519982301,15.9116481897275,17.5135425480581,10
93,19839.2697756584,16.7325477233934,0.396641520310412,15.955130343585,17.5099651032018,10
94,19839.2697756584,16.7411071186661,0.385031128125532,15.9864461075401,17.4957681297922,10
95,19839.2697756584,16.7390873375129,0.374739789599364,16.0045973498981,17.4735773251276,10
96,19839.2697756584,16.7273021627357,0.366782364131388,16.0084087290382,17.4461955964332,10
97,19839.2697756584,16.7065653771366,0.362205489777312,15.9966426171731,17.4164881371001,10
98,19839.2697756584,16.6776907635176,0.361990489074733,15.9681894049311,17.387192122104,10
99,19839.2697756584,16.6414921046806,0.366930868753869,15.922307601923,17.3606766074381,10
100,19839.2697756584,16.5987831834276,0.37751986995145,15.8588442383227,17.3387221285324,10
101,19839.2697756584,16.5503777825606,0.393891631329027,15.7783501851558,17.3224053799655,10
102,19839.2697756584,16.4970896848817,0.415839101394013,15.6820450461495,17.312134323614,10
103,19839.2697756584,16.4397326731929,0.442894762071598,15.5716589395325,17.3078064068532,10
104,19839.2697756584,16.379120530296,0.47443584748311,15.4492262692291,17.3090147913629,10
105,19839.2697756584,16.3160670389932,0.509778331238184,15.3169015097663,17.31523256822,10
106,19839.2697756584,16.2513859820863,0.548242343951553,15.1768309879413,17.3259409762314,10
107,19839.2697756584,16.1858911423775,0.589188552538951,15.0310815794012,17.3407007053539,10
