"","iteration","deviance_explained","aic","s_distance_p_value","s_yyyyinshore_p_value","s_yyyynearshore_p_value"
"s(distance)",1,0.157914420467062,4946.34544055567,0.0209808857723428,0,4.5040541690744e-06
"s(distance)1",2,0.159750575474928,4944.57654754493,0.0993987283755332,0,0.000102719265712203
"s(distance)2",3,0.161982169928662,4943.45320667101,0.0111920423414036,0,0
"s(distance)3",4,0.164139325873886,4941.44893591573,0.0419606532518683,0,0
"s(distance)4",5,0.158573939507855,4946.63501999508,0.0447048287447168,0,1.91796302434488e-06
"s(distance)5",6,0.158048326875392,4946.77893873192,0.0134047549604522,0,8.86964939161849e-07
"s(distance)6",7,0.160270875805118,4943.77996197213,0.090702644989097,0,0.000141132747360162
"s(distance)7",8,0.164007768017973,4940.3363142507,0.028916637227874,0,0.00063873555578664
"s(distance)8",9,0.158315395036017,4945.5785884336,0.0356444606172215,0,2.66952822181032e-07
"s(distance)9",10,0.160909493468868,4944.03691960428,0.0348280559934976,0,1.58608092715173e-06
"s(distance)10",11,0.157516490511563,4946.53075648746,0.0963394718338484,0,1.40092924266755e-06
"s(distance)11",12,0.160675366194794,4942.97849185037,0.131867546134857,0,6.8385323235276e-06
"s(distance)12",13,0.161643097879204,4943.95706787427,0.00759634863740294,0,1.33052961232005e-06
"s(distance)13",14,0.162180923569762,4941.29357549914,0.03704904730151,0,8.47251591609144e-05
"s(distance)14",15,0.161626590118884,4941.85990988529,0.0435555807618287,0,6.21525282491486e-05
"s(distance)15",16,0.156554431420829,4946.29625607408,0.0115106871886839,0,0
"s(distance)16",17,0.154876058384297,4949.26392339136,0.105997043931602,0,1.18693845685414e-06
"s(distance)17",18,0.165102589584492,4939.66983292884,0.0775079656990103,0,0.000209802732047071
"s(distance)18",19,0.164621270408829,4939.9819505332,0.0115671166167075,0,0
"s(distance)19",20,0.15930911124301,4944.47335607783,0.0470357752656183,0,1.65550583114404e-06
"s(distance)20",21,0.168423973170704,4936.66878676088,0.0148450984523399,0,0.00024994915824611
"s(distance)21",22,0.166238859785592,4939.091910957,0.0268273073030132,0,4.87108699376293e-07
"s(distance)22",23,0.161273827851923,4941.62582721039,0.0173417546947521,0,3.78853397735024e-05
"s(distance)23",24,0.167558095182041,4934.81913947453,0.0394690153082208,0,2.00178973186471e-06
"s(distance)24",25,0.162165455286074,4943.49506137461,0.0212973415978619,0,2.44737329541111e-05
"s(distance)25",26,0.163104357277011,4941.05612298139,0.0222251151254796,0,7.64098696870441e-07
"s(distance)26",27,0.158827303151638,4944.47148501957,0.0335775052893043,0,7.79672029034284e-05
"s(distance)27",28,0.156694266604302,4946.4211702571,0.0444272954919918,0,9.84608420351307e-07
"s(distance)28",29,0.16117965671604,4943.75949597304,0.0140717519880853,0,3.33974534089121e-06
"s(distance)29",30,0.16287450371686,4940.14246031403,0.028153150119504,0,0
"s(distance)30",31,0.163266933734157,4940.64863558879,0.0528126673253691,0,0
"s(distance)31",32,0.165012369031778,4940.11975509558,0.0252098592313988,0,4.49901712551437e-07
"s(distance)32",33,0.155241487348526,4947.4638177282,0.068231900714589,0,4.00101751735216e-06
"s(distance)33",34,0.164188025311114,4940.98115479915,0.01474451455292,0,7.14478601171464e-07
"s(distance)34",35,0.161496598457704,4943.14907797516,0.110855446849207,0,1.76995809658687e-06
"s(distance)35",36,0.16479467857366,4940.15452663124,0.0164662597129149,0,5.32483115011084e-05
"s(distance)36",37,0.165289760808933,4937.75433560546,0.0537678344637764,0,8.83875168611326e-07
"s(distance)37",38,0.154575568650743,4949.51668744027,0.162565341786013,0,5.04170558957018e-06
"s(distance)38",39,0.161931309306948,4942.49313844577,0.020041062220049,0,2.20205228246284e-06
"s(distance)39",40,0.162255037386351,4942.34173141497,0.0191553198523042,0,2.23340787017801e-05
"s(distance)40",41,0.162198666576748,4943.63350593635,0.0191680227181079,0,1.26072019901446e-06
"s(distance)41",42,0.167571004540849,4938.20737969018,0.00443412940510213,0,1.91881636073532e-05
"s(distance)42",43,0.163413928529993,4942.00495599284,0.0168465049636558,0,2.19683242000945e-05
"s(distance)43",44,0.162486980997062,4941.97614202619,0.0239290809893341,0,3.4832864799661e-05
"s(distance)44",45,0.166806619781735,4937.36511826183,0.0235654013941838,0,1.36296616033427e-05
"s(distance)45",46,0.158161861285993,4945.53502361647,0.029160185078331,0,1.48299336240054e-05
"s(distance)46",47,0.153901330121534,4949.95729892836,0.0552573306934053,0,0
"s(distance)47",48,0.167057228622062,4936.50762463426,0.0117151029460404,0,8.60982626282869e-06
"s(distance)48",49,0.156958927368375,4947.02968763342,0.0784331922308472,0,0
"s(distance)49",50,0.162521724254308,4939.49227516628,0.0190147050157639,0,3.27533046530215e-05
"s(distance)50",51,0.154969363967042,4949.34007606566,0.0812115290664268,0,0
"s(distance)51",52,0.161242325695467,4944.98018418631,0.0219338360839898,0,0
"s(distance)52",53,0.159491110837746,4944.85388621081,0.0286005284665435,0,1.6278572838202e-05
"s(distance)53",54,0.153562206129365,4951.20904207334,0.174543377116211,0,1.73150734567029e-06
"s(distance)54",55,0.168343978674802,4935.45607116871,0.0465556291564261,0,3.44105310261522e-05
"s(distance)55",56,0.160023374162854,4942.38387449372,0.0399631898087832,0,6.81015308645616e-07
"s(distance)56",57,0.161247875844368,4940.66381170422,0.0304236020911606,0,6.25926297668222e-05
"s(distance)57",58,0.158866760293823,4945.32450898888,0.072968150286138,0,4.35848367797975e-05
"s(distance)58",59,0.158994040672536,4945.43415927121,0.0869061954396844,0,4.70993444967593e-07
"s(distance)59",60,0.166369823009153,4937.25520756519,0.0332056795096579,0,1.31622338012116e-06
"s(distance)60",61,0.162565126304081,4942.28210829715,0.0491499346009195,0,1.77299284698229e-06
"s(distance)61",62,0.162790269009193,4942.30545082208,0.0345276752351066,0,5.32208168346759e-06
"s(distance)62",63,0.165390224003936,4939.44935886892,0.114299412446417,0,0.00018326753983261
"s(distance)63",64,0.168783209473066,4936.09639531972,0.00645527856401884,0,0.000762187219702171
"s(distance)64",65,0.15643581689601,4947.87829527504,0.154357474045639,0,1.85512302741664e-07
"s(distance)65",66,0.164397985731807,4938.72628386992,0.0236935445731303,0,0
"s(distance)66",67,0.165132158864639,4939.2607241814,0.0573168670801774,0,0
"s(distance)67",68,0.160470646285596,4942.04059711516,0.0109482509505287,0,1.92936145193556e-06
"s(distance)68",69,0.163042813647411,4942.43569447901,0.0221791364439717,0,3.15412221452149e-07
"s(distance)69",70,0.164379145503046,4940.04655202952,0.0204194487669429,0,5.57371687731067e-05
"s(distance)70",71,0.167947564121869,4937.0229832299,0.00357350042894661,0,5.86134609126265e-07
"s(distance)71",72,0.162303012560262,4942.13886921436,0.0678617285821991,0,2.70241817222905e-05
"s(distance)72",73,0.154556845012509,4949.39624953155,0.106051436575313,0,2.05558588334265e-06
"s(distance)73",74,0.15987749947847,4944.61322077567,0.0370921203196861,0,3.42400130659559e-06
"s(distance)74",75,0.162409466461374,4941.48484178681,0.0621444501288885,0,0.000387011715741292
"s(distance)75",76,0.154911622566156,4948.93381063665,0.0623888249935699,0,3.8550517672542e-06
"s(distance)76",77,0.161247579020981,4942.83176337005,0.0189183452271291,0,4.84314046521606e-05
"s(distance)77",78,0.165100013591166,4939.71518056028,0.0108757435977095,0,5.41289248778831e-06
"s(distance)78",79,0.166722877399069,4938.31030872554,0.00552639160219176,0,3.20939644848917e-06
"s(distance)79",80,0.16666566805141,4937.97227818003,0.0287557839361836,0,6.04125036718361e-07
"s(distance)80",81,0.163612598219279,4939.89263809338,0.0342830124223868,0,6.01566608804394e-07
"s(distance)81",82,0.164449892723035,4940.89163810008,0.0190842308027271,0,3.53953623832837e-06
"s(distance)82",83,0.162534785393627,4942.42085642979,0.0689059142667274,0,0
"s(distance)83",84,0.157276876351817,4946.27868100238,0.127715465850217,0,3.913149034529e-05
"s(distance)84",85,0.161891863127855,4939.83056503209,0.0393059521458655,0,0.000139369095785102
"s(distance)85",86,0.162556119815839,4942.0223251054,0.0111278146826886,0,1.50334442711175e-06
"s(distance)86",87,0.16233710316654,4942.42856587649,0.0107590726566298,0,1.91478953815993e-05
"s(distance)87",88,0.158420048916364,4945.19874945975,0.0551708082773474,0,6.09773599946628e-07
"s(distance)88",89,0.167646819100428,4936.0731301051,0.0701761118525049,0,1.84343739919601e-05
"s(distance)89",90,0.15789774144473,4943.87832760122,0.0276068832075249,0,2.62924905081174e-05
"s(distance)90",91,0.1606468402833,4944.40415171733,0.0664796892673743,0,8.02877910315858e-05
"s(distance)91",92,0.161122777233797,4943.83104471375,0.0169959077991447,0,6.13939229232585e-07
"s(distance)92",93,0.161951048595508,4943.54592630924,0.0312481649075489,0,3.81122500175968e-06
"s(distance)93",94,0.160126503725667,4944.03013895329,0.0330971496416369,0,2.89544955150989e-06
"s(distance)94",95,0.165587479029087,4936.26976256187,0.0126465434991257,0,7.07628961371665e-07
"s(distance)95",96,0.166754879277344,4937.01585980777,0.0478216943291787,0,1.18430871909325e-06
"s(distance)96",97,0.167461725111085,4937.37337266545,0.0227043077159314,0,0.000470463466988869
"s(distance)97",98,0.157534268608688,4946.30714601805,0.0521965847654424,0,1.87221843184204e-06
"s(distance)98",99,0.157107879382535,4946.93508239892,0.058766502356265,0,0
"s(distance)99",100,0.162808950625639,4943.30235233387,0.0101190711543916,0,7.83673839954702e-06
"s(distance)100",101,0.161891229519408,4940.72092648525,0.0264212158592694,0,2.37010084336298e-05
"s(distance)101",102,0.166432729773325,4937.19875235311,0.0437302701981688,0,0
"s(distance)102",103,0.161344872981371,4941.89327849431,0.0647426798052486,0,0.000488376772001364
"s(distance)103",104,0.16166882563759,4941.48373335708,0.0836165870031226,0,0
"s(distance)104",105,0.160639233817546,4943.75232775791,0.116374179339913,0,1.08818215677209e-06
"s(distance)105",106,0.16941416161865,4934.89034076671,0.0351540708832481,0,0
"s(distance)106",107,0.169026467014212,4935.35839661651,0.0256899124216617,0,3.44656794326603e-06
"s(distance)107",108,0.167690393624478,4935.64043050764,0.0268958504268599,0,4.68931391051086e-07
"s(distance)108",109,0.158428631400343,4946.16017570848,0.0547888065677616,0,1.99926909555392e-06
"s(distance)109",110,0.174837038072242,4929.33865721522,0.0161090683999435,0,8.00104837860305e-05
"s(distance)110",111,0.169856961086521,4935.36325799913,0.0238062630375878,0,0.000350801921055244
"s(distance)111",112,0.16209895804083,4941.59313645529,0.102398373917418,0,5.11018948740061e-06
"s(distance)112",113,0.166440202667203,4939.4483141834,0.00966755414512183,0,2.48403855501178e-05
"s(distance)113",114,0.156152358003553,4948.30407999267,0.034930083580214,0,4.4149720679898e-06
"s(distance)114",115,0.161849683638611,4941.85048761784,0.0244176615383703,0,0
"s(distance)115",116,0.163139603218737,4941.92114761802,0.010402867762437,0,2.58939213526599e-06
"s(distance)116",117,0.163832814109954,4940.34193899571,0.00985260004775601,0,8.93391133072186e-07
"s(distance)117",118,0.152033414766521,4952.22352030796,0.206554799271972,0,1.58351497414611e-07
"s(distance)118",119,0.157748924459972,4945.71006146037,0.083516649985704,0,4.23682383843271e-07
"s(distance)119",120,0.162139934195811,4942.00505025361,0.108980030007969,0,9.79068152612284e-06
"s(distance)120",121,0.164055500513418,4940.05710797287,0.104986951928501,0,6.26473299680796e-07
"s(distance)121",122,0.156781574614754,4944.61349300672,0.0265404892110002,0,1.47711037252196e-05
"s(distance)122",123,0.162798395494524,4943.46942851145,0.0182717791708821,0,1.89903004910175e-06
"s(distance)123",124,0.159092276215375,4945.56076132271,0.0299238339017311,0,1.08525748948041e-05
"s(distance)124",125,0.156773928024789,4947.34994463804,0.043293735095824,0,1.85065694519038e-06
"s(distance)125",126,0.157659071933114,4945.95708066956,0.0684642077105497,0,9.03852000355698e-07
"s(distance)126",127,0.155355115128317,4948.73480156977,0.0843147651865982,0,3.37262430033514e-06
"s(distance)127",128,0.165789088054355,4937.48921492178,0.0135388698672358,0,3.475524585278e-05
"s(distance)128",129,0.16022123493961,4943.66742162838,0.0858042564949697,0,5.14164291698371e-07
"s(distance)129",130,0.159383824512305,4944.36429274057,0.0380167453004706,0,4.42560847518925e-06
"s(distance)130",131,0.159408711505163,4943.50213381952,0.0609608231070134,0,5.77665548784356e-07
"s(distance)131",132,0.165515009325154,4939.27639213552,0.00791240214778699,0,6.03764212514513e-07
"s(distance)132",133,0.159153609633704,4943.58901906712,0.0541154222004531,0,8.5671634756368e-06
"s(distance)133",134,0.161789312720669,4943.57298252437,0.0231163194818499,0,8.86925950094319e-06
"s(distance)134",135,0.157435533287445,4946.73502544121,0.0426147831252228,0,7.57073773971495e-06
"s(distance)135",136,0.162192093138999,4941.43722991713,0.0205959632184561,0,7.05668739442444e-07
"s(distance)136",137,0.152824548733313,4949.89284376089,0.0776333838261261,0,1.07975779212177e-06
"s(distance)137",138,0.162187486655693,4942.32346784788,0.0463927509796953,0,1.82863883681494e-05
"s(distance)138",139,0.164694461520752,4940.18437764839,0.0105222037553491,0,7.52972021613174e-05
"s(distance)139",140,0.160452749644666,4942.26354535672,0.262921195961318,0,0
"s(distance)140",141,0.164858845771508,4939.805313201,0.00660911078700799,0,4.41024943675927e-07
"s(distance)141",142,0.158862322539168,4944.01850621415,0.0112320369607197,0,2.99158827005153e-06
"s(distance)142",143,0.158053155093785,4945.5872445366,0.0681701749939825,0,4.13442556812527e-06
"s(distance)143",144,0.160909727127576,4943.93496578369,0.0318583212817229,0,1.82903709511351e-07
"s(distance)144",145,0.157290170625503,4945.98162921268,0.0732321951184535,0,8.84351206740797e-05
"s(distance)145",146,0.156759345128552,4946.81612008181,0.0377990677445776,0,9.73522246250358e-06
"s(distance)146",147,0.162682868020695,4940.99563009511,0.0697034716822136,0,3.94774793854857e-07
"s(distance)147",148,0.160708352853169,4943.63706012602,0.170385472175407,0,5.21001475268235e-05
"s(distance)148",149,0.159788854483164,4945.13508091485,0.0322433257229463,0,3.03284339664422e-06
"s(distance)149",150,0.162632251360117,4940.81824333122,0.0718370519876615,0,1.8347245647754e-06
"s(distance)150",151,0.167586439145367,4937.18498672121,0.0712391274696593,0,0
"s(distance)151",152,0.161073261517235,4943.11293664032,0.0133977898513714,0,1.53393656860956e-05
"s(distance)152",153,0.16287831377432,4938.79268494097,0.051635933657778,0,4.07608390809444e-05
"s(distance)153",154,0.169018576738455,4934.40634354315,0.000834426660551668,0,3.94447918555807e-06
"s(distance)154",155,0.162843292871372,4941.67368711382,0.0423620733166488,0,5.57202085052499e-05
"s(distance)155",156,0.16302805994714,4941.92180331422,0.0389687145531303,0,5.19134340126737e-07
"s(distance)156",157,0.160066253780202,4944.18068185793,0.0796042863021934,0,4.38037397436086e-05
"s(distance)157",158,0.163455154798173,4942.03838207063,0.0197324464069686,0,2.93635689074812e-06
"s(distance)158",159,0.160050603926534,4943.96633034741,0.0533066318332388,0,2.6942227773441e-05
"s(distance)159",160,0.167014989713131,4937.82180790408,0.0174078789501631,0,7.52821143579219e-06
"s(distance)160",161,0.160078288640505,4944.93661363412,0.0332978077677605,0,2.83486350283191e-06
"s(distance)161",162,0.16481917349992,4938.81372475496,0.0308959275236944,0,0.000104833838123652
"s(distance)162",163,0.163936939678144,4941.00970837552,0.0556213010118241,0,1.39908946856226e-05
"s(distance)163",164,0.163307621253908,4942.06826259186,0.0378488720905341,0,3.89603214689949e-07
"s(distance)164",165,0.152279982793141,4950.35046932355,0.0342276109334088,0,1.21052657109932e-05
"s(distance)165",166,0.158736206125615,4945.209170299,0.0579739687655236,0,2.92249029043568e-06
"s(distance)166",167,0.162597057497438,4939.98436838684,0.0849063123591018,0,2.48842841504837e-06
"s(distance)167",168,0.15984183408901,4945.56765614292,0.0315539904591811,0,3.2622613451716e-06
"s(distance)168",169,0.159890459914037,4943.21112100002,0.0797454230386488,0,0.000206514280005621
"s(distance)169",170,0.159111132084089,4944.15340792232,0.0655492014974008,0,1.74162270459854e-05
"s(distance)170",171,0.160231209277721,4944.02531494909,0.0263109371950854,0,5.31100641021354e-06
"s(distance)171",172,0.156834219036553,4946.68674645746,0.135821160703733,0,1.47838793457256e-06
"s(distance)172",173,0.162085253213082,4940.78461091759,0.00281804190985951,0,6.85528951936965e-05
"s(distance)173",174,0.158346975386845,4945.40410843756,0.107608677497001,0,1.03717531069192e-06
"s(distance)174",175,0.157560158117898,4945.45838935865,0.0541149696287341,0,3.56554442772494e-05
"s(distance)175",176,0.170625857879476,4934.13765328278,0.00642080813990076,0,1.78082995871964e-06
"s(distance)176",177,0.169234063361835,4934.65258627619,0.017564789843421,0,1.52006301890051e-06
"s(distance)177",178,0.168625582332469,4935.23468782371,0.0197421465055729,0,1.20164817390411e-05
"s(distance)178",179,0.165713445622138,4938.10702187356,0.0344760094700413,0,7.37474360690271e-07
"s(distance)179",180,0.168098541240984,4934.52488231788,0.150973655161487,0,1.87394818238484e-05
"s(distance)180",181,0.161885079498038,4941.59241373446,0.076132693068064,0,6.88784050018043e-07
"s(distance)181",182,0.157423612466764,4946.14676704887,0.170374083444749,0,3.26912604449725e-05
"s(distance)182",183,0.167108865561529,4935.48184428856,0.0248385417992396,0,1.50254127734284e-06
"s(distance)183",184,0.159254075104448,4945.86096994318,0.0415681570404593,0,2.45633342421669e-06
"s(distance)184",185,0.160202545671597,4944.4597341649,0.163719197117117,0,2.10859681598619e-06
"s(distance)185",186,0.157308682272534,4947.40333207528,0.0667191111037163,0,5.12317175183075e-07
"s(distance)186",187,0.165246428067779,4940.06591860481,0.0068038897438924,0,5.22251815432417e-06
"s(distance)187",188,0.165348445053679,4939.3275876474,0.0426247958402763,0,0.000115706610973265
"s(distance)188",189,0.163123831346093,4941.22515112159,0.0103083427016851,0,9.30996198654221e-05
"s(distance)189",190,0.161309971243393,4944.37750214174,0.018405879658303,0,5.04105886978135e-07
"s(distance)190",191,0.164277931271168,4941.52824233476,0.0149321134876986,0,3.74966914684638e-07
"s(distance)191",192,0.165347029941277,4938.63965468821,0.0334315687071088,0,7.36828380143439e-07
"s(distance)192",193,0.172012900638385,4931.8455410373,0.0520338721595241,0,0
"s(distance)193",194,0.159131170127791,4945.59266066924,0.0360195917796816,0,2.16998651929035e-05
"s(distance)194",195,0.159466707434832,4944.11994871357,0.0608031780725492,0,6.8313682554666e-06
"s(distance)195",196,0.160794500215692,4944.5847376463,0.0157985146319214,0,1.23566166171374e-06
"s(distance)196",197,0.164629796587105,4941.61455889054,0.022376988534515,0,0
"s(distance)197",198,0.15892942653719,4944.87648497545,0.0484373025165163,0,1.35298547060403e-06
"s(distance)198",199,0.16408172453714,4940.172486101,0.0103776811463906,0,0
"s(distance)199",200,0.160768669744497,4944.68863494476,0.041425447453217,0,4.68678709752979e-06
"s(distance)200",201,0.165647105374104,4940.41260684508,0.034195331609394,0,8.40647951028117e-07
"s(distance)201",202,0.155322025469739,4948.58075038486,0.078058561446201,0,1.10173938971947e-06
"s(distance)202",203,0.163635938009903,4939.69487368248,0.0501287819466915,0,1.98965700152764e-05
"s(distance)203",204,0.155857602671453,4948.54255581278,0.140683286028241,0,1.81521271081508e-05
"s(distance)204",205,0.162837765277577,4939.45744490043,0.0648752396751927,0,1.83798643582644e-07
"s(distance)205",206,0.161210955177959,4942.36267632881,0.0904480785226113,0,7.55233173613257e-05
"s(distance)206",207,0.168363630299709,4935.61575257131,0.0463483947230346,0,0.000106408448012352
"s(distance)207",208,0.160530211847439,4944.46888916791,0.0435406464922026,0,4.39211730540734e-06
"s(distance)208",209,0.160528883126317,4943.19581355019,0.0690238655457519,0,4.18921544204087e-06
"s(distance)209",210,0.163585812861206,4941.64647258351,0.0156813721730141,0,2.91479901265435e-06
"s(distance)210",211,0.163805689480282,4940.63291418442,0.049606710611066,0,5.76734877993923e-06
"s(distance)211",212,0.166812412509247,4937.7783725772,0.0285902113363432,0,0
"s(distance)212",213,0.165584601033597,4938.82708037871,0.0216722290893731,0,3.6843621770144e-07
"s(distance)213",214,0.161181239242586,4943.91307311387,0.0507669469381,0,3.11190598785704e-05
"s(distance)214",215,0.162681885415299,4941.42332728175,0.0333420712336231,0,7.23544064190618e-06
"s(distance)215",216,0.17007639110653,4934.39165634431,0.0260192868482442,0,1.64152609077872e-06
"s(distance)216",217,0.158520640691502,4944.28145003902,0.1076367973292,0,1.13466339068946e-06
"s(distance)217",218,0.168157388393522,4934.30061299745,0.0441204833026048,0,5.84833746652969e-07
"s(distance)218",219,0.160393029035557,4943.0294104226,0.0889924917806338,0,0.000544990612682594
"s(distance)219",220,0.16970394990264,4934.02142299683,0.0177915384897915,0,2.12692806184078e-06
"s(distance)220",221,0.171596328255682,4932.83999576055,0.0109123493324313,0,3.70322672638146e-07
"s(distance)221",222,0.164754611885636,4938.04353679613,0.0627798417338117,0,0.000108545273391769
"s(distance)222",223,0.168642804742209,4936.32171382193,0.0253940225996974,0,0
"s(distance)223",224,0.16332117485638,4940.22224169674,0.0944636469826504,0,0
"s(distance)224",225,0.159410851846974,4944.79175983544,0.0177130310103329,0,8.87210622134149e-05
"s(distance)225",226,0.165705153108591,4939.79720346538,0.00405280774051692,0,1.04729869249143e-06
"s(distance)226",227,0.167152062974926,4936.28685425651,0.0504929846198992,0,4.55910127011849e-06
"s(distance)227",228,0.163352327405888,4940.87041490964,0.00779735259355796,0,3.07416203240152e-05
"s(distance)228",229,0.163000320619356,4940.22208251946,0.0542507030935148,0,4.78604953613182e-06
"s(distance)229",230,0.159047426213443,4945.96621859054,0.0586120599237632,0,6.04490594713347e-06
"s(distance)230",231,0.15869618286912,4945.62462918204,0.0356777997996188,0,6.88772564400031e-06
"s(distance)231",232,0.164552837252292,4938.98925652406,0.0165275056706033,0,0
"s(distance)232",233,0.160911213603598,4944.10404461937,0.012338707717424,0,0
"s(distance)233",234,0.16371194070361,4939.76290322312,0.0334455432240116,0,0
"s(distance)234",235,0.156584873448975,4947.6633952707,0.0417110876258459,0,3.01868282864826e-06
"s(distance)235",236,0.164693207277661,4938.1058216125,0.0177087092413202,0,6.21928559479956e-05
"s(distance)236",237,0.158114177015088,4946.34183720167,0.0840394890375308,0,1.134515008272e-06
"s(distance)237",238,0.164662758090351,4940.20249385711,0.0303841444684787,0,3.56328203863776e-05
"s(distance)238",239,0.160590777026621,4942.44186886988,0.178841930935011,0,0
"s(distance)239",240,0.163235137836119,4941.89879879998,0.0442165695048914,0,2.90062909266142e-05
"s(distance)240",241,0.157456419841572,4947.53926653493,0.0434381069901846,0,3.84215696930257e-06
"s(distance)241",242,0.156577321931641,4946.3736219583,0.0588942179226695,0,0.000129696875876384
"s(distance)242",243,0.159559777378081,4944.96199304554,0.0500987165988197,0,2.66233848589259e-06
"s(distance)243",244,0.162302145388117,4941.21507909395,0.137974966688679,0,1.4437699493719e-06
"s(distance)244",245,0.157733032537167,4946.21371470743,0.0232733586432924,0,1.34702029245815e-05
"s(distance)245",246,0.155712221821329,4948.29409102147,0.0981150002769336,0,1.35664876588226e-06
"s(distance)246",247,0.159673437342852,4944.09265273625,0.044120066855094,0,8.85222863881707e-05
"s(distance)247",248,0.162793758505446,4940.73008272824,0.0443001226892727,0,1.12240635702365e-06
"s(distance)248",249,0.160178749301955,4944.16103708289,0.0407605861309092,0,3.87925432110414e-07
"s(distance)249",250,0.159853739673576,4943.69563951581,0.0655644109837422,0,3.44052898115788e-07
"s(distance)250",251,0.157174005631799,4947.02750948087,0.0499888902026517,0,3.76086747655435e-06
"s(distance)251",252,0.1618952047669,4942.34034367885,0.0229737679072852,0,0.000243938697171986
"s(distance)252",253,0.170586506187319,4933.5014395443,0.00980447688189301,0,0.000701332066556704
"s(distance)253",254,0.159009884163711,4944.87330464516,0.0906510675644522,0,1.89956826134874e-05
"s(distance)254",255,0.160494395073182,4941.86549408424,0.0105919865782741,0,2.56637968709672e-06
"s(distance)255",256,0.165682710672127,4940.88126752461,0.0479057422887003,0,0
"s(distance)256",257,0.161148113416327,4944.58671737326,0.0266183982780447,0,1.56560522338034e-05
"s(distance)257",258,0.159708523883356,4944.52815599796,0.0967880978258601,0,0
"s(distance)258",259,0.164470192303684,4939.24897562107,0.0216812906193524,0,1.67283691022702e-05
"s(distance)259",260,0.157450724168015,4946.78187206428,0.0516026703528814,0,8.76455668169518e-06
"s(distance)260",261,0.156964527575623,4947.22087791558,0.0916598746146741,0,8.20531663719981e-06
"s(distance)261",262,0.160028591731489,4942.89401788215,0.00429754823279632,0,4.07002136223467e-05
"s(distance)262",263,0.156834997695753,4946.27890160903,0.144097008090532,0,5.02159090284282e-05
"s(distance)263",264,0.159840174700028,4944.56296858084,0.0108148655052395,0,4.23736839727518e-07
"s(distance)264",265,0.159606001932573,4944.19977133038,0.0663261580403505,0,2.0739300166106e-07
"s(distance)265",266,0.166607505440203,4936.67194453952,0.00523651701101413,0,1.23651180522488e-06
"s(distance)266",267,0.160017040281324,4942.48513406647,0.0904754240697097,0,0
"s(distance)267",268,0.157217844477234,4947.00884950936,0.0636930760814505,0,1.74201780717143e-05
"s(distance)268",269,0.168905340634739,4935.19345419218,0.0220480469749928,0,0
"s(distance)269",270,0.164972932056573,4938.87786246256,0.0222414664636426,0,0.000108002601999724
"s(distance)270",271,0.164967135869206,4939.61589598095,0.0190559245029466,0,0
"s(distance)271",272,0.164585582444908,4939.785204384,0.038456611749542,0,0.000241117900008914
"s(distance)272",273,0.161483173155027,4940.99213251758,0.0111810564813108,0,0.000134494299586618
"s(distance)273",274,0.160924403799181,4943.08863715512,0.0426392222970767,0,8.3768937277906e-06
"s(distance)274",275,0.158972016891971,4945.52751538141,0.07531968210786,0,2.1399646319531e-05
"s(distance)275",276,0.156466953783528,4945.89834994421,0.0706565738455136,0,5.70463821070177e-07
"s(distance)276",277,0.156338207415149,4948.01064803249,0.0591053748054446,0,8.89909811951917e-07
"s(distance)277",278,0.157129750617752,4947.52959202396,0.0935783535850911,0,1.76320251249473e-06
"s(distance)278",279,0.162138245787026,4941.62437097011,0.0305455109560704,0,1.80877299948978e-05
"s(distance)279",280,0.161423593403362,4943.3168667427,0.0225895313849561,0,2.26110640433319e-07
"s(distance)280",281,0.164034239937406,4940.25519718937,0.0379990202258881,0,9.7788737310478e-06
"s(distance)281",282,0.161287215295003,4943.19671553496,0.0770256192889771,0,3.42615361326182e-06
"s(distance)282",283,0.166739782024918,4937.83305008827,0.0191176575112437,0,0.000250751018150253
"s(distance)283",284,0.162000709143747,4942.306351831,0.027539598324454,0,4.77415258104408e-07
"s(distance)284",285,0.167058214900335,4939.15707382452,0.00869612127369579,0,5.28404906724456e-06
"s(distance)285",286,0.163423562062351,4941.0768123265,0.0185482577360853,0,7.05606104711709e-06
"s(distance)286",287,0.15954817367393,4942.74990591681,0.0692587996474643,0,4.44641704788751e-06
"s(distance)287",288,0.168256353632981,4936.54791190302,0.0130364326706232,0,2.56866050963866e-05
"s(distance)288",289,0.164335361954075,4939.17648501012,0.0246111653410266,0,1.72584397589715e-06
"s(distance)289",290,0.16251664125714,4940.88543004482,0.0054226405464185,0,1.95325827345716e-06
"s(distance)290",291,0.163040445337835,4942.32194988069,0.0348728392738356,0,2.97649155273083e-06
"s(distance)291",292,0.161808285015464,4942.08284748782,0.0718260497388638,0,4.41748841062406e-07
"s(distance)292",293,0.166687707135576,4938.95665085841,0.00811603391961746,0,0.000296524719375246
"s(distance)293",294,0.161248738076686,4942.9926499159,0.0681684465408716,0,0
"s(distance)294",295,0.161189117641281,4941.66964755401,0.00597989014761263,0,6.65195005189467e-06
"s(distance)295",296,0.152848157278465,4949.97113097656,0.0241361255128242,0,0
"s(distance)296",297,0.158742053695797,4944.70523123912,0.0178900988735886,0,2.98443777027591e-05
"s(distance)297",298,0.164823650756088,4940.62210898123,0.00690977103402257,0,3.26266244471407e-06
"s(distance)298",299,0.163653569799462,4939.92163750468,0.0307052726969864,0,3.35559156183773e-06
"s(distance)299",300,0.163458424071601,4938.38455473937,0.0282155255700777,0,1.00185838053379e-06
"s(distance)300",301,0.167370729170284,4936.63027840225,0.0123952873165886,0,5.46727880024189e-06
"s(distance)301",302,0.171013381451313,4932.11337285547,0.05119110418983,0,0
"s(distance)302",303,0.160748815765778,4941.9502569006,0.115898193849083,0,1.34837740499161e-05
"s(distance)303",304,0.162380799106633,4942.10641285933,0.0615042615287534,0,1.19035811191326e-06
"s(distance)304",305,0.160762933457951,4943.52910745913,0.0528804548704978,0,2.45666421416768e-06
"s(distance)305",306,0.162522085972996,4941.99575190858,0.0184179204037407,0,1.80525698650902e-06
"s(distance)306",307,0.169164418083688,4934.36371262895,0.035036105387212,0,5.35560958225823e-06
"s(distance)307",308,0.169156926826258,4934.95807402839,0.017700086290204,0,4.83392796929438e-06
"s(distance)308",309,0.171044772622543,4933.57173273274,0.023158027553501,0,0.00121890283153048
"s(distance)309",310,0.159519387504373,4945.54622496313,0.0286398299909006,0,2.2557792399569e-06
"s(distance)310",311,0.162808971595507,4942.92240342739,0.0262714990639452,0,1.0717971604679e-06
"s(distance)311",312,0.15957602742502,4944.46880096509,0.0949757290600174,0,2.93466161271905e-06
"s(distance)312",313,0.158172509722494,4943.54421793385,0.113422388836054,0,6.65620611406403e-07
"s(distance)313",314,0.159155656304622,4946.1925188476,0.138112480096284,0,0
"s(distance)314",315,0.158988205327061,4945.25052835994,0.0465340167235086,0,6.16646216267114e-06
"s(distance)315",316,0.159430054958676,4945.0052313878,0.0317506613823751,0,1.27887157516104e-05
"s(distance)316",317,0.159431863215082,4945.98135714069,0.0368984055935403,0,8.35469616705664e-06
"s(distance)317",318,0.157985883776096,4946.83131130415,0.0775215513434195,0,5.51857387010024e-07
"s(distance)318",319,0.1581114451813,4944.67965025612,0.0463907755866556,0,4.74631238256418e-07
"s(distance)319",320,0.161379736819091,4944.63370213825,0.016658898716351,0,0
"s(distance)320",321,0.164555757198925,4939.32839059971,0.0536766342668363,0,0
"s(distance)321",322,0.165613162300905,4938.35109455907,0.031487554158885,0,9.56451041589368e-07
"s(distance)322",323,0.160372141843774,4943.25151479072,0.0421262930391473,0,8.86220269780136e-07
"s(distance)323",324,0.161663442540713,4943.78070618634,0.0198237407080192,0,3.2323225540587e-06
"s(distance)324",325,0.163645054622197,4940.35452980372,0.0259726411384612,0,3.57511014237311e-07
"s(distance)325",326,0.170262837736114,4934.06580892846,0.109553094382308,0,0
"s(distance)326",327,0.16072860215237,4943.70334194143,0.0147654990061606,0,3.80061339666504e-06
"s(distance)327",328,0.161448515213584,4942.46101130717,0.00965166971562054,0,2.27192124150899e-05
"s(distance)328",329,0.1551217607414,4948.4345008117,0.0389090732412328,0,1.12334941448911e-06
"s(distance)329",330,0.163277801833594,4942.81330399237,0.0347396611454684,0,1.22779878303225e-06
"s(distance)330",331,0.160795269905124,4943.93750116263,0.0537698010422943,0,0.000118320987835319
"s(distance)331",332,0.160316790229722,4944.34103392921,0.0857074873286697,0,9.87139820812777e-06
"s(distance)332",333,0.155270003364183,4948.03449826544,0.0670319524122914,0,8.33092941343594e-06
"s(distance)333",334,0.168118859683296,4936.56524672763,0.0265982399573753,0,1.45901848591645e-06
"s(distance)334",335,0.15866375346472,4945.76795737494,0.105055810841067,0,1.55256182937658e-06
"s(distance)335",336,0.166721135506687,4938.79871880732,0.0132337914573475,0,0.000289404092973289
"s(distance)336",337,0.166073064160336,4939.35253152008,0.0100489644245385,0,8.08533696272651e-07
"s(distance)337",338,0.160545853501624,4942.73961094693,0.0251142276717718,0,2.30100818382484e-06
"s(distance)338",339,0.161147110247096,4940.29307928455,0.00750786130507852,0,6.4899694113274e-06
"s(distance)339",340,0.15958387528116,4945.28881023076,0.0366535355557367,0,0
"s(distance)340",341,0.166356441309424,4937.91526622881,0.0255967379239539,0,0
"s(distance)341",342,0.155197466848514,4948.70551125923,0.128042251311095,0,2.14429679599171e-05
"s(distance)342",343,0.165505937905456,4939.23664339345,0.0616393770430757,0,0
"s(distance)343",344,0.164013747382225,4939.20314804593,0.0396355113165333,0,5.98081420721819e-07
"s(distance)344",345,0.160289697901909,4944.56705740897,0.0370356725219682,0,1.47374419146029e-06
"s(distance)345",346,0.166247310845628,4939.4953628919,0.00254285537792914,0,5.87508401983516e-07
"s(distance)346",347,0.160921799384649,4942.26453724996,0.101167484543348,0,0
"s(distance)347",348,0.164410785535277,4937.82501354123,0.146047333604305,0,2.69581331890367e-05
"s(distance)348",349,0.157392381796326,4946.35421318916,0.0569537956535351,0,5.18989654617608e-05
"s(distance)349",350,0.158562501275153,4945.98893981668,0.0372557488940556,0,0
"s(distance)350",351,0.16369061373884,4941.83876438266,0.0519326515698618,0,0.000113751149483754
"s(distance)351",352,0.158055257966118,4946.00313021937,0.117425686503892,0,6.71775711902356e-06
"s(distance)352",353,0.159683660873333,4943.92261292917,0.09237708963542,0,2.61092425093423e-05
"s(distance)353",354,0.16305929618108,4941.0274741461,0.0254539816164221,0,3.6303622361622e-06
"s(distance)354",355,0.170846062629098,4935.15523219661,0.0288106144493415,0,0.000407220327467317
"s(distance)355",356,0.160201888931886,4943.57524003471,0.11881466147678,0,5.77889263801423e-05
"s(distance)356",357,0.161382826744413,4943.64537235197,0.0580534715916045,0,2.5151541753754e-06
"s(distance)357",358,0.15900541981136,4943.77568115405,0.00737612466460147,0,3.67444613735834e-07
"s(distance)358",359,0.165087885698575,4939.99067905271,0.0316512395735504,0,1.71536221031943e-05
"s(distance)359",360,0.165249111789332,4939.39758755316,0.0247026913665362,0,1.2321975199181e-05
"s(distance)360",361,0.163008184136752,4941.3521584631,0.0195650837435661,0,3.66388012157381e-06
"s(distance)361",362,0.157293263154996,4947.16357620946,0.0436015863423878,0,1.64581487155369e-06
"s(distance)362",363,0.159203739675094,4945.7127391795,0.0512686883335021,0,1.92533831094854e-06
"s(distance)363",364,0.158175390230146,4945.84268009475,0.00849875986475568,0,1.43096377569485e-06
"s(distance)364",365,0.160612775964023,4942.37135271543,0.0694199116377329,0,0
"s(distance)365",366,0.157608482054243,4946.37417649555,0.100353958946191,0,4.86427237234022e-06
"s(distance)366",367,0.154314380587368,4948.35911953446,0.0256958452576309,0,1.26727933047466e-06
"s(distance)367",368,0.166048582502278,4937.65947235809,0.013415541230318,0,5.27288611718024e-07
"s(distance)368",369,0.162490598179714,4941.22725911555,0.029076516634663,0,0
"s(distance)369",370,0.163554506275784,4938.5062102374,0.0616572738595382,0,2.10401033989838e-06
"s(distance)370",371,0.165880243962695,4938.68302623283,0.0306482779175367,0,9.38503099234822e-07
"s(distance)371",372,0.16637684157572,4939.34526690519,0.00534087228165619,0,7.82685842748432e-07
"s(distance)372",373,0.160590683609052,4943.52661381761,0.0963091950444192,0,3.82535576673448e-05
"s(distance)373",374,0.156424339983191,4947.1219990465,0.02234352624704,0,1.78611055801081e-06
"s(distance)374",375,0.159022646056098,4945.63433977009,0.0537647786332328,0,4.86610971556223e-06
"s(distance)375",376,0.159259274857915,4945.09857628228,0.091407707709968,0,1.36746733092608e-06
"s(distance)376",377,0.157725143885523,4947.81598294851,0.0471971260722974,0,6.59311968015386e-06
"s(distance)377",378,0.161809072279299,4940.47450099927,0.106511539436766,0,3.56566226933364e-07
"s(distance)378",379,0.163240790398403,4941.98201052783,0.0559232399153232,0,3.40502074869242e-07
"s(distance)379",380,0.163251818847949,4941.6018366006,0.0188670600088949,0,2.66147117395366e-05
"s(distance)380",381,0.166925653074779,4938.24180907437,0.0323146359639152,0,7.17799743349401e-06
"s(distance)381",382,0.163846390636848,4939.24099845395,0.0958432882490673,0,1.6093466883027e-06
"s(distance)382",383,0.167001429813865,4938.39826012265,0.0161302714630739,0,8.80783767642779e-07
"s(distance)383",384,0.165958521580437,4940.13908946663,0.00878049274519044,0,1.38080292122478e-06
"s(distance)384",385,0.159169916435582,4947.00421235715,0.0361743767503015,0,3.05832380487203e-06
"s(distance)385",386,0.164416358104086,4940.82981932405,0.02241752199259,0,5.69881896739233e-06
"s(distance)386",387,0.16891773642636,4934.98293372617,0.0360766862445613,0,6.26897615038646e-05
"s(distance)387",388,0.159196611312448,4944.6130910699,0.0166505052318769,0,2.34731284911582e-05
"s(distance)388",389,0.156798619401949,4948.04513526961,0.0536735724182331,0,5.64621101761809e-07
"s(distance)389",390,0.170756179427214,4933.15031413349,0.0118451557084108,0,5.10066721792768e-06
"s(distance)390",391,0.157994948516606,4946.16436863435,0.174279297477619,0,2.15216607624136e-06
"s(distance)391",392,0.164680237712267,4940.3943426849,0.018051595650996,0,1.5835452669255e-05
"s(distance)392",393,0.163522943826666,4939.23092143166,0.0256473313788868,0,2.35706068074659e-06
"s(distance)393",394,0.161191531996921,4943.28314312727,0.0427791763851646,0,1.67600912946986e-05
"s(distance)394",395,0.156900230962179,4946.1296251321,0.0341176371504381,0,8.6732563536196e-06
"s(distance)395",396,0.166943437942352,4938.57112589708,0.00465353623678882,0,0.000114919799257263
"s(distance)396",397,0.164899865115021,4940.95495176512,0.00655352684155142,0,7.16476356299456e-07
"s(distance)397",398,0.165508936619845,4938.60743609945,0.0170834509283763,0,3.46536492334959e-07
"s(distance)398",399,0.168138740503725,4936.4476661249,0.0280277259185093,0,0.000108837189549571
"s(distance)399",400,0.162495643451347,4942.1959484672,0.111208527471145,0,0.000692997373824056
"s(distance)400",401,0.160250319326683,4943.65916863045,0.0291840888037653,0,7.22306704115105e-07
"s(distance)401",402,0.157003570924288,4946.86868820179,0.112310790965216,0,2.58880219317081e-07
"s(distance)402",403,0.15930920795334,4945.13704396623,0.0143796506697842,0,0
"s(distance)403",404,0.160371126998038,4942.28090363077,0.0804300836821032,0,3.75404059782536e-07
"s(distance)404",405,0.164924489972545,4938.63909387375,0.0720526020783473,0,3.70953707584665e-06
"s(distance)405",406,0.156596998538613,4945.86517336266,0.0163799869662812,0,8.88581164800173e-05
"s(distance)406",407,0.165187411598685,4940.16927828637,0.0751162984855465,0,6.77828897233113e-06
"s(distance)407",408,0.17113460090257,4933.55742803157,0.00685655195876567,0,0
"s(distance)408",409,0.162170437510533,4942.72369968024,0.060040009467485,0,6.85717345539905e-05
"s(distance)409",410,0.156495941091864,4945.87229531105,0.0618413875463938,0,0.000101564696444956
"s(distance)410",411,0.164295884905402,4940.97231900601,0.0103020283075712,0,1.40605905862845e-06
"s(distance)411",412,0.167224072862425,4938.12653860701,0.0173094154327843,0,1.4653963985034e-06
"s(distance)412",413,0.163624113412078,4940.08776564194,0.0695370845019969,0,0.000278142480595989
"s(distance)413",414,0.169742195208032,4935.71960029805,0.00373058431588952,0,1.73132256364728e-06
"s(distance)414",415,0.160964299197293,4943.45769818344,0.0442629461862187,0,2.79482026760425e-06
"s(distance)415",416,0.171020866644844,4933.17426182032,0.0145110244960226,0,4.53715425502432e-06
"s(distance)416",417,0.155580249293408,4946.42298863341,0.188094774049277,0,0
"s(distance)417",418,0.163565624905183,4940.8257384994,0.0348766333491615,0,1.28362166909035e-05
"s(distance)418",419,0.162693937794288,4941.07968789088,0.0744024119479669,0,0.000670608716315912
"s(distance)419",420,0.164532388339414,4941.11847936469,0.00954343005654534,0,6.86983404424302e-06
"s(distance)420",421,0.162070832620328,4942.00129782009,0.0557784943391331,0,1.46368326505164e-05
"s(distance)421",422,0.161233074864395,4944.00418185568,0.0105384478738936,0,1.28841522972767e-06
"s(distance)422",423,0.166730002177805,4938.65070143271,0.0105402099056089,0,3.66417671132657e-06
"s(distance)423",424,0.166569820877103,4937.92081552124,0.0180637465572851,0,3.01492976328421e-05
"s(distance)424",425,0.157414911156392,4946.93277850804,0.0433469040947853,0,4.20093624697859e-06
"s(distance)425",426,0.160819798984923,4944.30172656496,0.017481885918704,0,1.30880376358888e-06
"s(distance)426",427,0.17041673959037,4933.36177247753,0.0362884574545133,0,8.59516302298413e-07
"s(distance)427",428,0.164813175307261,4939.74244012841,0.0137311204390667,0,6.30421788321844e-05
"s(distance)428",429,0.158773552190179,4944.88928751813,0.0250723456521081,0,1.61740732359528e-05
"s(distance)429",430,0.172432363421886,4931.51641036655,0.0203837522242654,0,1.90780171147598e-05
"s(distance)430",431,0.157455440076937,4943.99272672654,0.0160010112655725,0,7.9743944003674e-07
"s(distance)431",432,0.171843194856133,4933.41707222883,0.0227347897878573,0,0
"s(distance)432",433,0.16435859144738,4941.59067341405,0.0177226303699454,0,0
"s(distance)433",434,0.155114639884861,4947.86788957074,0.14305609434338,0,3.43435063371311e-05
"s(distance)434",435,0.159297826314366,4943.59441391863,0.0223603067711932,0,6.79265950698227e-06
"s(distance)435",436,0.16722168132976,4937.6968766653,0.0358026685902969,0,0.000607785747285816
"s(distance)436",437,0.158241389518469,4943.2049370556,0.0154760803520217,0,6.9055497601278e-06
"s(distance)437",438,0.156908475244821,4946.99498812632,0.0564487750120508,0,1.49388775099735e-05
"s(distance)438",439,0.164353336676663,4938.90176173404,0.0266058331774134,0,5.96561353747305e-05
"s(distance)439",440,0.164245699260335,4941.03114158382,0.00880799872767135,0,5.52736063030856e-07
"s(distance)440",441,0.169865173249936,4933.7858860896,0.0467781301553641,0,1.8391145102381e-06
"s(distance)441",442,0.15902404910438,4945.83850240306,0.0366958678371733,0,0
"s(distance)442",443,0.162608927235551,4941.55838558122,0.0290034342783847,0,1.9121334830785e-05
"s(distance)443",444,0.159900327557449,4943.57724772983,0.0764669834126936,0,0
"s(distance)444",445,0.165207064426492,4936.61310298262,0.0125283700832221,0,9.9899840545481e-06
"s(distance)445",446,0.159405670651415,4942.94204389869,0.00850054792790983,0,1.35305885531345e-05
"s(distance)446",447,0.161029325205016,4941.74115166878,0.0304124205771059,0,2.83298246106511e-06
"s(distance)447",448,0.166711996674819,4936.01507432435,0.0216523754166823,0,2.49951569253337e-06
"s(distance)448",449,0.161317699843515,4943.45264679438,0.0276413247949447,0,1.26400125793902e-06
"s(distance)449",450,0.159207741762077,4943.98450043992,0.102806332065017,0,3.65662521484289e-07
"s(distance)450",451,0.16135943450856,4942.88786717102,0.0492932968827945,0,5.2076428240122e-05
"s(distance)451",452,0.162293230763458,4943.28839481818,0.059372370355495,0,1.69476596922902e-06
"s(distance)452",453,0.162712092236284,4939.05495316244,0.00150155795066897,0,5.73197839763839e-05
"s(distance)453",454,0.157742058024119,4944.91816573917,0.0171473472487223,0,0.000112097516045073
"s(distance)454",455,0.158901492107461,4945.51315110155,0.054037121156414,0,4.86375011977125e-05
"s(distance)455",456,0.166179282426528,4937.46901171996,0.0352070817282132,0,0
"s(distance)456",457,0.161975845543614,4942.10406548508,0.0407546508466698,0,9.31367385603732e-07
"s(distance)457",458,0.161776222342556,4943.49397593226,0.0179084825926343,0,2.49506836491609e-05
"s(distance)458",459,0.161456216242852,4941.38113425456,0.0808152876357549,0,9.58771930847924e-07
"s(distance)459",460,0.163363689330714,4942.37284296833,0.0152055461853609,0,1.07459517800779e-06
"s(distance)460",461,0.160938925282263,4942.91271896123,0.0209382013124682,0,2.01982457692651e-06
"s(distance)461",462,0.165449947555427,4938.47119883717,0.0264715111453497,0,6.98659463893581e-07
"s(distance)462",463,0.162075857148931,4942.0477541829,0.0929958559164462,0,1.21027416560837e-05
"s(distance)463",464,0.159372695327392,4944.87752038173,0.0430359508204572,0,8.68466546161129e-06
"s(distance)464",465,0.158101185908953,4946.47277744583,0.340014814694038,0,6.36021537991915e-06
"s(distance)465",466,0.164185983467579,4940.88712346787,0.0203193020587917,0,1.70751460826235e-06
"s(distance)466",467,0.166268062294144,4938.47317765121,0.0173264004739057,0,1.16007705935894e-06
"s(distance)467",468,0.15758896066712,4945.26177056575,0.00619478485880004,0,9.25659320544225e-06
"s(distance)468",469,0.153550662459057,4949.11008581747,0.0150332737341067,0,1.31025661104234e-06
"s(distance)469",470,0.156114212095717,4946.89444497912,0.0383106674971228,0,1.98856496702593e-06
"s(distance)470",471,0.157407462088224,4945.49153181322,0.0516500416696163,0,1.03780468851955e-06
"s(distance)471",472,0.168479447972901,4937.71615814298,0.00219886164625077,0,2.52974242622162e-05
"s(distance)472",473,0.161566441581097,4942.564755679,0.019663451095896,0,8.17054106017068e-06
"s(distance)473",474,0.16942672326953,4934.99395661134,0.00507737070972858,0,1.9545437590085e-06
"s(distance)474",475,0.15648166561851,4947.62989204267,0.136560719022223,0,0
"s(distance)475",476,0.161976149802467,4940.63054413332,0.0584480472905694,0,2.93399822015594e-05
"s(distance)476",477,0.165602259533475,4939.42065010294,0.0144363216105812,0,0
"s(distance)477",478,0.15791666713845,4946.1478816157,0.0358002678285752,0,2.60898117571129e-06
"s(distance)478",479,0.158178002688104,4945.96435360043,0.0600646568567396,0,1.72392505616847e-05
"s(distance)479",480,0.158021655149324,4943.48902866141,0.0741045814665564,0,6.23991068593455e-07
"s(distance)480",481,0.168681120145626,4938.14749884937,0.0268294686786335,0,4.1515190760677e-06
"s(distance)481",482,0.160290627468349,4943.01808863173,0.0677021574268857,0,1.29178944419106e-06
"s(distance)482",483,0.157739909897117,4945.19999336478,0.281176746707855,0,5.10186472756913e-05
"s(distance)483",484,0.15525352847034,4947.00305676236,0.0403079000850526,0,5.83390806335737e-06
"s(distance)484",485,0.160775912530226,4943.28095474853,0.0439421033810248,0,5.10915622584651e-05
"s(distance)485",486,0.153644155836129,4948.20255760242,0.0869027891581758,0,8.13531385757127e-06
"s(distance)486",487,0.161013229235438,4942.67034607547,0.0271238220367921,0,3.77769770454339e-06
"s(distance)487",488,0.163295768967126,4939.37094371198,0.0590493129645909,0,6.49557939480516e-05
"s(distance)488",489,0.170052743024785,4933.5933029443,0.0357592214089029,0,1.56350369850955e-06
"s(distance)489",490,0.161558261523587,4943.72905637539,0.0472049856382442,0,1.19863491654382e-06
"s(distance)490",491,0.163385974426715,4941.26728683744,0.0323229266422055,0,1.8899445457965e-05
"s(distance)491",492,0.164175241668003,4941.34430008159,0.0215659508673884,0,0.000326822087844958
"s(distance)492",493,0.155572698395801,4947.76304565688,0.201013603800985,0,4.46422051325612e-07
"s(distance)493",494,0.161911882483269,4941.19954685658,0.0125965280704347,0,1.27016252911005e-05
"s(distance)494",495,0.167292297411812,4936.27032196334,0.0136589684545369,0,5.65305688454698e-06
"s(distance)495",496,0.166073759815289,4939.05477425968,0.0920045192715839,0,0.00010006951542918
"s(distance)496",497,0.158876857589952,4945.16065932686,0.0136315613908612,0,1.28006434746419e-06
"s(distance)497",498,0.168485309260299,4935.30951829641,0.0172798498508232,0,5.42603182551726e-07
"s(distance)498",499,0.16291872846763,4941.52393677183,0.0419086550994265,0,2.32260292365449e-05
"s(distance)499",500,0.161751418352252,4942.85171315359,0.0334699200478231,0,8.23583782083581e-06
"s(distance)500",501,0.162333651009761,4939.68952950537,0.0248077892765127,0,9.5024564811752e-05
"s(distance)501",502,0.164099359286633,4940.58437832782,0.0220507073662844,0,1.03616685248609e-06
"s(distance)502",503,0.162192518133268,4943.05797792466,0.0147356184547213,0,2.37681238890453e-06
"s(distance)503",504,0.154815888211406,4949.17483083465,0.0953457536540173,0,0
"s(distance)504",505,0.154986456625154,4946.85657305389,0.0558248214992439,0,2.36395806223477e-05
"s(distance)505",506,0.161901920763022,4940.44109599624,0.137605370947689,0,3.50281855965306e-07
"s(distance)506",507,0.163358456853591,4941.2370662638,0.0190132619804497,0,3.96812203884989e-05
"s(distance)507",508,0.163213934755989,4941.61940669426,0.128643103854302,0,2.22187490206416e-06
"s(distance)508",509,0.160756052214315,4944.2974630262,0.0353641829578422,0,6.79908808476348e-06
"s(distance)509",510,0.163695410942378,4939.69880405422,0.114028528737724,0,0
"s(distance)510",511,0.169852400361749,4933.5967887439,0.0733671497439811,0,1.92009421057238e-06
"s(distance)511",512,0.164371583790296,4939.58809462029,0.0234398382434615,0,5.99078650443952e-05
"s(distance)512",513,0.163773682764699,4941.88772753093,0.0191061054574978,0,4.52775767101343e-07
"s(distance)513",514,0.159782560474033,4945.16476753967,0.0538682399913401,0,3.64284347997845e-06
"s(distance)514",515,0.158704518891814,4944.93853285615,0.0363498357857928,0,4.20689267752739e-05
"s(distance)515",516,0.157509345729619,4947.39904385791,0.0707470971330957,0,1.35879442675346e-06
"s(distance)516",517,0.161239518665171,4943.00606075487,0.0189865731214819,0,1.86397979514696e-05
"s(distance)517",518,0.162111330884022,4941.96851282984,0.0620937561331366,0,0
"s(distance)518",519,0.160357329974281,4944.46475861284,0.0866536767300048,0,7.81678274813791e-05
"s(distance)519",520,0.161528681939454,4943.4512683053,0.023225258582226,0,1.31995256741346e-06
"s(distance)520",521,0.167422960619824,4936.41913299661,0.0459573580853277,0,5.4277196552821e-06
"s(distance)521",522,0.161058642802814,4940.44742364951,0.0281119082121064,0,2.14951273770358e-05
"s(distance)522",523,0.157744027777816,4945.03199836422,0.0772073184268995,0,2.03890015648689e-07
"s(distance)523",524,0.162183221631164,4942.93843873625,0.0181610256927139,0,7.14030299064916e-06
"s(distance)524",525,0.162933131670731,4940.61888798899,0.0745474209424035,0,3.80205756081997e-05
"s(distance)525",526,0.161227062239429,4943.46349818794,0.041734932050396,0,7.35002508245319e-07
"s(distance)526",527,0.164071252296891,4941.4503115407,0.0191126205198493,0,1.94847277245058e-05
"s(distance)527",528,0.157651292207623,4945.76978900326,0.05414099375486,0,8.95227234787299e-07
"s(distance)528",529,0.163312002353026,4940.44777307468,0.020053023994152,0,4.71237882143649e-06
"s(distance)529",530,0.158652406568069,4942.91202549165,0.0217899596568371,0,0
"s(distance)530",531,0.158333566235907,4945.54777476974,0.039905984441775,0,0
"s(distance)531",532,0.161064224461549,4940.56839385143,0.022381783112579,0,1.09142419740804e-06
"s(distance)532",533,0.164485481798498,4940.53944954107,0.0391110796756221,0,7.42452746481659e-05
"s(distance)533",534,0.15420607823958,4948.50928323682,0.0351968648563565,0,8.61055543993627e-06
"s(distance)534",535,0.161230903403877,4943.2800163663,0.0418775451331048,0,2.18775299926088e-06
"s(distance)535",536,0.159344518161709,4945.05558076347,0.0900983750880069,0,2.1665760951417e-06
"s(distance)536",537,0.161621198048743,4941.14909006291,0.0581097918682197,0,4.70608425673369e-07
"s(distance)537",538,0.161672805554573,4941.8727128893,0.0662280605512892,0,0
"s(distance)538",539,0.162235348869055,4942.30381471519,0.0128308030886136,0,3.26924593507805e-06
"s(distance)539",540,0.155195391581129,4948.33651003492,0.103140545699306,0,4.22991325371713e-06
"s(distance)540",541,0.160782074653635,4943.90651802364,0.0774659748711952,0,0
"s(distance)541",542,0.162349212459185,4940.53867373385,0.0450103551159192,0,5.57578692506056e-06
"s(distance)542",543,0.165405527567512,4938.60654228029,0.0234996890603035,0,0.00015288741851488
"s(distance)543",544,0.166411764536133,4937.93709395964,0.0853864144900099,0,0
"s(distance)544",545,0.16827957677422,4933.58504031675,0.0290988409742498,0,8.27980338569123e-07
"s(distance)545",546,0.157668249813756,4945.48588552211,0.0250779784389099,0,5.34577520161506e-06
"s(distance)546",547,0.163915493785657,4940.28583128553,0.0327457169201021,0,6.67620960098647e-06
"s(distance)547",548,0.157551145530673,4943.93274576256,0.0519675754596045,0,3.88731250949848e-06
"s(distance)548",549,0.166916700425565,4938.29513512074,0.0105684266754065,0,3.67223564608499e-05
"s(distance)549",550,0.158612296537368,4945.60749533324,0.0766306359079869,0,1.21411586084808e-06
"s(distance)550",551,0.158800755320375,4946.2755549748,0.0378779043943486,0,1.08427588357829e-06
"s(distance)551",552,0.166966696417176,4938.37059248659,0.0239804359865098,0,1.54587268220707e-05
"s(distance)552",553,0.15805992274655,4947.14882412234,0.0724384975177417,0,9.06082314622303e-07
"s(distance)553",554,0.162783997608945,4940.88020245267,0.0180497035102662,0,0.000137116328039588
"s(distance)554",555,0.161234396351538,4944.76421168416,0.0102423319469704,0,4.63712328729882e-06
"s(distance)555",556,0.166044216857965,4936.62854173465,0.146056377992546,0,9.58249758054031e-06
"s(distance)556",557,0.163720837475853,4940.60400681091,0.0704938779982163,0,1.54511478619446e-05
"s(distance)557",558,0.156686942651959,4947.83956935043,0.0509863262639741,0,1.18603213811186e-06
"s(distance)558",559,0.16197042662002,4941.1834398039,0.0738008098898102,0,5.40546664917763e-06
"s(distance)559",560,0.159230300419976,4945.04565560541,0.0586925459200937,0,2.03596311332266e-06
"s(distance)560",561,0.168782289436736,4935.75829313684,0.0111519815134964,0,2.16997094875104e-05
"s(distance)561",562,0.160784022928634,4943.82967813124,0.0913511785652569,0,4.58588986584907e-06
"s(distance)562",563,0.161706628592822,4943.04511605553,0.0222624235085292,0,1.46177185916252e-05
"s(distance)563",564,0.153162289095253,4951.12305657103,0.222075566836955,0,2.69619685733247e-06
"s(distance)564",565,0.162711206587301,4942.01734723908,0.0372080717573314,0,2.28525903581689e-05
"s(distance)565",566,0.160737008125324,4943.70591078582,0.0410374887631424,0,3.9927863625e-05
"s(distance)566",567,0.159828216521402,4942.38687249548,0.0230292569293124,0,0.000105640340257729
"s(distance)567",568,0.160273538143999,4944.17353260833,0.0209745272298029,0,1.18639024948575e-06
"s(distance)568",569,0.160453366246047,4943.19998545822,0.0291295447727473,0,1.05663241906084e-06
"s(distance)569",570,0.162447079673368,4944.10757575039,0.0152511717347689,0,1.40884277216591e-06
"s(distance)570",571,0.164380621564942,4941.61454675302,0.0139333145291181,0,2.92987157579638e-06
"s(distance)571",572,0.16480431972798,4938.89548522558,0.0761565135907784,0,0.000178589280607766
"s(distance)572",573,0.162447905348826,4941.13954962083,0.0135175470589413,0,8.12340766069286e-05
"s(distance)573",574,0.160334720765975,4944.20840189112,0.0321736593716693,0,3.0746558134509e-06
"s(distance)574",575,0.172558009643201,4932.49925271002,0.0034285109776937,0,1.06181217729984e-05
"s(distance)575",576,0.162690085110973,4940.14232841679,0.13269666432094,0,6.26850736558104e-05
"s(distance)576",577,0.158945222702035,4943.89967372666,0.0280520636768627,0,2.37458506173738e-05
"s(distance)577",578,0.163631718763974,4941.81828499864,0.0512044196197265,0,2.06315384234101e-05
"s(distance)578",579,0.160774899556709,4942.65942470332,0.0814658686361032,0,0
"s(distance)579",580,0.164118638916924,4939.17585798698,0.0361490546349579,0,2.19669415835178e-06
"s(distance)580",581,0.157996777671269,4946.18866328266,0.0573798576680944,0,9.19117114694945e-07
"s(distance)581",582,0.16513139921915,4939.93383769222,0.015844758523422,0,5.23039411226556e-07
"s(distance)582",583,0.167355407064897,4935.85278416587,0.0471666193320318,0,6.9955717861836e-06
"s(distance)583",584,0.162163437228562,4941.38412184543,0.0891457524142001,0,0
"s(distance)584",585,0.153173895805271,4950.63583591217,0.12160902634457,0,0
"s(distance)585",586,0.164071542212931,4941.10100157013,0.0245022257701091,0,5.07629327295422e-07
"s(distance)586",587,0.159239781005314,4945.01298356626,0.067072696619318,0,1.50728112148224e-05
"s(distance)587",588,0.162152987162604,4942.92461303224,0.0179466290593532,0,5.51358362155252e-06
"s(distance)588",589,0.157267821600792,4946.08343013082,0.104614317978654,0,4.47741377973543e-07
"s(distance)589",590,0.157510641762613,4946.07558623528,0.0282985658356656,0,4.2445329990759e-06
"s(distance)590",591,0.159610914276327,4944.61018263829,0.0191432337834481,0,1.78593192984855e-05
"s(distance)591",592,0.166907421592069,4937.8865935876,0.0125972956344734,0,1.55034955373612e-06
"s(distance)592",593,0.162578828507526,4942.20799388882,0.0411782037935098,0,4.28380652202076e-05
"s(distance)593",594,0.171135294276889,4934.0359390878,0.00302167932871256,0,3.42786658014127e-06
"s(distance)594",595,0.167377905547033,4938.33708495494,0.0180294929881056,0,3.42641714715652e-05
"s(distance)595",596,0.159826945064029,4942.48443511499,0.0439123422023087,0,4.33712663500119e-06
"s(distance)596",597,0.168091600859493,4937.02106816999,0.000998291585894928,0,0
"s(distance)597",598,0.158608627987107,4945.34700540594,0.0749526108300113,0,5.3849169864284e-06
"s(distance)598",599,0.160194356314604,4943.00639344124,0.135340500123606,0,0
"s(distance)599",600,0.16085125566345,4943.86068608063,0.0280815367278671,0,5.92857876718922e-05
"s(distance)600",601,0.163567562495424,4941.84501194772,0.0342875984372218,0,2.90317100859472e-06
"s(distance)601",602,0.15726086512095,4946.05272018456,0.049082367784838,0,3.03131277568092e-06
"s(distance)602",603,0.15750174010401,4945.3535257515,0.043366087775734,0,0
"s(distance)603",604,0.156819248571859,4947.43388822816,0.101707882621505,0,2.8535458554968e-06
"s(distance)604",605,0.162918175923523,4941.09670112007,0.0661267845856979,0,4.23882790858698e-05
"s(distance)605",606,0.155413036672508,4948.19689166208,0.113345137588264,0,5.1473724623774e-06
"s(distance)606",607,0.162225650884071,4943.78803421288,0.0249783406017307,0,0
"s(distance)607",608,0.157285217699721,4948.12117724591,0.0473756864461453,0,0
"s(distance)608",609,0.159427579048587,4944.84702454904,0.047655424262976,0,6.17176992229185e-06
"s(distance)609",610,0.162283646308226,4941.54869647199,0.0237557377537843,0,0.000256846676518485
"s(distance)610",611,0.15950787768045,4943.72265804968,0.123914791230059,0,3.73135601933194e-06
"s(distance)611",612,0.160452259947686,4943.80740375878,0.036850314669139,0,0
"s(distance)612",613,0.167731660539494,4935.98625797802,0.0255047644936316,0,0
"s(distance)613",614,0.161547853880758,4943.17079482256,0.0793979566236704,0,1.45671303147799e-05
"s(distance)614",615,0.166037273600312,4940.68012030295,0.00212043882615348,0,0
"s(distance)615",616,0.161455694553123,4942.68714582058,0.0475008490513018,0,6.54421638595637e-05
"s(distance)616",617,0.16061397987551,4944.11843258418,0.0440478071680969,0,4.52509088206821e-05
"s(distance)617",618,0.160934115763756,4943.97064886538,0.023566411446201,0,0
"s(distance)618",619,0.160076185816187,4944.48864267877,0.0775126673427353,0,2.73589698518428e-06
"s(distance)619",620,0.167101920900487,4937.0638342039,0.00728354592193275,0,0.000223140147510792
"s(distance)620",621,0.154904783702441,4948.66652148347,0.107602865539914,0,6.08804426543985e-06
"s(distance)621",622,0.159547148192107,4944.99906844841,0.0146462666758048,0,1.67188556615683e-06
"s(distance)622",623,0.162939825147975,4941.34961014417,0.028301802720443,0,6.74234894471049e-07
"s(distance)623",624,0.17302426668942,4931.4284402094,0.00517626845399671,0,0.00103883569294649
"s(distance)624",625,0.163225603389938,4943.27938932212,0.004233571474071,0,2.28893430848087e-06
"s(distance)625",626,0.166786673334443,4937.06889040043,0.0198732302300274,0,0
"s(distance)626",627,0.157209085467274,4947.1756073325,0.0484233980908882,0,0
"s(distance)627",628,0.169569311707063,4935.33580921449,0.0035403298929077,0,5.4570687485489e-07
"s(distance)628",629,0.159781647406872,4945.15402601672,0.0245841107013777,0,2.04149528892916e-06
"s(distance)629",630,0.166053723356876,4937.93756437215,0.0626881430011564,0,7.77263394868832e-06
"s(distance)630",631,0.162338088052597,4942.62690625485,0.0215611748068287,0,1.71650298064208e-05
"s(distance)631",632,0.160010521414523,4945.1059452633,0.0668252850463836,0,4.20032189635267e-06
"s(distance)632",633,0.159287774179241,4945.01327316631,0.0875566040404757,0,1.21960468690285e-05
"s(distance)633",634,0.161312800142766,4941.87925099407,0.0262094074275257,0,3.72234856371723e-06
"s(distance)634",635,0.167172693886451,4937.69520182143,0.00939858356900569,0,4.02487765818749e-05
"s(distance)635",636,0.169719440570378,4933.77762380478,0.0277585189481667,0,2.36106157164295e-06
"s(distance)636",637,0.160333455142247,4944.14858275449,0.0417794526687486,0,7.45272772793015e-05
"s(distance)637",638,0.15288987210343,4950.42548191827,0.0765733584275353,0,2.11985394293901e-07
"s(distance)638",639,0.161614756684317,4944.46994748308,0.0255827472739527,0,0
"s(distance)639",640,0.163531779729318,4940.99493575782,0.0192645906571002,0,4.41093407384519e-05
"s(distance)640",641,0.162974492432307,4940.19154655321,0.0517507185047056,0,1.24288141944984e-06
"s(distance)641",642,0.168323407413348,4936.2179273699,0.0018416510385757,0,1.19987741287186e-06
"s(distance)642",643,0.158446190703223,4944.10120239247,0.140746764185104,0,9.942053570966e-07
"s(distance)643",644,0.158368760483687,4946.8594493331,0.0204964827922843,0,1.09141451698491e-06
"s(distance)644",645,0.159844927255506,4944.66775048333,0.0192326197494702,0,3.38519041298557e-06
"s(distance)645",646,0.161825524228829,4942.47519633029,0.0874165889946801,0,2.47190896141003e-07
"s(distance)646",647,0.161350120688439,4941.65147383396,0.0861388055527725,0,5.1434788169713e-06
"s(distance)647",648,0.166271402743574,4938.91134243157,0.0166924014432569,0,6.24982717344347e-05
"s(distance)648",649,0.15849651680215,4944.65645954903,0.031499912152897,0,0
"s(distance)649",650,0.164743045881114,4939.4189025859,0.051362168643874,0,0
"s(distance)650",651,0.161842657093396,4941.67591628156,0.0926847506603612,0,0.0002346033218254
"s(distance)651",652,0.163411115288281,4941.85889049799,0.0365549732953124,0,0.000179077279840123
"s(distance)652",653,0.15696843273207,4946.34023347441,0.124284732819132,0,1.1935334324753e-06
"s(distance)653",654,0.164850019511177,4940.88150910692,0.0323139253644452,0,0.000157838895646745
"s(distance)654",655,0.156084321912092,4947.19548575162,0.0811569465552326,0,7.61388406500529e-06
"s(distance)655",656,0.160856351207917,4942.31304597154,0.0798929048062996,0,0
"s(distance)656",657,0.166048388019807,4938.60674698698,0.0191488944380829,0,5.5498698459111e-07
"s(distance)657",658,0.163676240616778,4940.83054553904,0.0148325767582708,0,2.02171250185401e-07
"s(distance)658",659,0.16914641097084,4938.44955253813,0.0321639637821955,0,2.2927967746611e-07
"s(distance)659",660,0.157967953327444,4946.07485585023,0.0354147514902942,0,4.44486231221397e-06
"s(distance)660",661,0.164609063586603,4941.30330884879,0.0187287858677194,0,0
"s(distance)661",662,0.157256720481124,4946.32849343388,0.0320850334473798,0,4.37640426226293e-06
"s(distance)662",663,0.160421800345261,4942.86244185555,0.153559190550825,0,0
"s(distance)663",664,0.161879661922203,4943.8766900226,0.0551782938053136,0,2.34802712051341e-07
"s(distance)664",665,0.157093761362522,4947.36188518665,0.090326079515863,0,7.63366392764198e-07
"s(distance)665",666,0.162499157238898,4941.42080541401,0.0244369975347091,0,6.87010721016623e-05
"s(distance)666",667,0.159168115492468,4944.66143076823,0.0736124026748512,0,3.59217796802591e-05
"s(distance)667",668,0.157187804801075,4946.89703519407,0.0444240528953905,0,7.90467585576327e-06
"s(distance)668",669,0.166454357582723,4939.56858379131,0.0462142322304867,0,0
"s(distance)669",670,0.162421058036966,4941.0559279315,0.0885063910667505,0,0
"s(distance)670",671,0.167863951191584,4938.6623363036,0.00744756834852411,0,1.9650529409776e-06
"s(distance)671",672,0.163690754368119,4942.6815838549,0.00745537892730525,0,1.32935677404911e-06
"s(distance)672",673,0.165715740239987,4936.32118962409,0.0286119512971209,0,6.48967764471653e-06
"s(distance)673",674,0.165785238407461,4939.44059294824,0.0452585856401534,0,0
"s(distance)674",675,0.165297015339172,4939.76757766539,0.0791780947382574,0,5.40085499429188e-05
"s(distance)675",676,0.162988185889515,4941.50022618398,0.0221246568786995,0,1.8581963059261e-05
"s(distance)676",677,0.160126517213536,4944.61716112942,0.0266812966577986,0,4.39863962425902e-06
"s(distance)677",678,0.158239434761516,4943.70771175117,0.0789743024800507,0,7.52009772564399e-07
"s(distance)678",679,0.1588876709507,4945.10160240968,0.10495662539883,0,2.57422852922851e-07
"s(distance)679",680,0.159621502810264,4946.53533224367,0.0153756510886525,0,0
"s(distance)680",681,0.155925943921855,4946.86926434904,0.00500149029003916,0,9.11842427397946e-07
"s(distance)681",682,0.161127190628399,4942.8960470823,0.0594951985650656,0,1.14295649937812e-05
"s(distance)682",683,0.159320319088583,4944.71173614289,0.0842333106523224,0,6.06418534128683e-05
"s(distance)683",684,0.159567480362733,4944.92401740785,0.123234415092957,0,2.18611808378011e-07
"s(distance)684",685,0.174555408166985,4929.67289029163,0.00413125535510889,0,1.96874180276585e-05
"s(distance)685",686,0.162180666560789,4942.86323804109,0.0137825106687323,0,5.42962650063039e-07
"s(distance)686",687,0.170695499040124,4934.95164392367,0.00352931780134669,0,3.37488601543923e-05
"s(distance)687",688,0.165344767557657,4937.4916766859,0.042014165799621,0,7.90257535319139e-05
"s(distance)688",689,0.161573456655327,4941.71547466498,0.112341797999929,0,0
"s(distance)689",690,0.156408946207296,4947.32719607709,0.0531750574560875,0,6.16312838214172e-06
"s(distance)690",691,0.165399937654685,4939.91625725067,0.00427589800341838,0,1.5199355790585e-05
"s(distance)691",692,0.157230283970903,4945.9774291784,0.0618424798509729,0,1.67105924547828e-06
"s(distance)692",693,0.160861035837534,4942.02543500925,0.108028895662697,0,0
"s(distance)693",694,0.160179650625756,4945.68482052702,0.0424108709003347,0,6.53960512952967e-06
"s(distance)694",695,0.161198652327277,4944.16650407373,0.0169961477190295,0,1.11540994551795e-06
"s(distance)695",696,0.16164691832652,4942.5142494673,0.0279655283673528,0,0.00015807810629731
"s(distance)696",697,0.170730759652712,4934.01859719132,0.0120791983411956,0,6.58716405976811e-07
"s(distance)697",698,0.155872791953376,4947.74172296487,0.158278523682675,0,3.87332830701914e-05
"s(distance)698",699,0.162064541439458,4944.1824658713,0.0194328899770951,0,8.39809706942862e-07
"s(distance)699",700,0.16357363352384,4941.25624752607,0.024796060135879,0,4.41290606001399e-06
"s(distance)700",701,0.160915383738691,4941.66181776,0.0768572749484644,0,0
"s(distance)701",702,0.157485201642462,4945.42957203482,0.0422240823590586,0,2.41630103283708e-05
"s(distance)702",703,0.161329129430411,4942.54544916805,0.0236169857886835,0,4.21553055687252e-05
"s(distance)703",704,0.159984802764365,4944.10915514063,0.0483620327115944,0,1.73758994320705e-06
"s(distance)704",705,0.161467606875011,4942.48932396518,0.0512900451157642,0,5.2431436459166e-07
"s(distance)705",706,0.163895689559788,4939.18753335567,0.00996184168625902,0,6.67905540744917e-05
"s(distance)706",707,0.166766852215373,4937.27750604424,0.0244561656257269,0,1.76135998319893e-06
"s(distance)707",708,0.165822775812556,4939.58996921859,0.0151643801576862,0,3.08434988284256e-05
"s(distance)708",709,0.168588404891463,4935.87884227343,0.00643860650472927,0,1.31384183332806e-05
"s(distance)709",710,0.161361901222503,4943.47719970585,0.0130935931848252,0,0.000104362481968545
"s(distance)710",711,0.167228688930903,4935.57116571698,0.0665455123044306,0,3.82907103416152e-05
"s(distance)711",712,0.159054927754385,4945.41696295362,0.0498050776402558,0,4.16957984311628e-06
"s(distance)712",713,0.160552359746793,4943.81930478214,0.123895402422411,0,4.43943701717853e-05
"s(distance)713",714,0.159419298692637,4945.34108614613,0.031674851890682,0,0
"s(distance)714",715,0.167489580843117,4937.23630974364,0.00747385726313898,0,9.20651064183486e-05
"s(distance)715",716,0.160652310070424,4940.97702051883,0.0215044129315192,0,0
"s(distance)716",717,0.170960795665023,4935.31054398831,0.00152746924391878,0,2.53836623465009e-06
"s(distance)717",718,0.171329808751753,4933.55586354464,0.0222082722550245,0,0.00587792796248643
"s(distance)718",719,0.161391043328232,4940.72168942437,0.0453308235783605,0,5.12209007264008e-07
"s(distance)719",720,0.160148699372562,4943.57577772652,0.0317574139305158,0,3.42747955517364e-07
"s(distance)720",721,0.162470064733858,4942.62097737315,0.0334847883361988,0,8.08852047967656e-06
"s(distance)721",722,0.158369476209074,4946.50165348791,0.0274194503905346,0,4.98164957113412e-06
"s(distance)722",723,0.157477396898502,4946.7628117731,0.167926316511643,0,4.83711026860734e-06
"s(distance)723",724,0.156954910681851,4946.5537976995,0.205075136734854,0,1.14025643493942e-06
"s(distance)724",725,0.15610189804956,4947.84978142855,0.204490714955309,0,1.03896209063814e-06
"s(distance)725",726,0.158038862100965,4946.44379450665,0.0674282529380648,0,2.44978563906928e-06
"s(distance)726",727,0.162501902732408,4942.0512433273,0.0211221997328018,0,1.12715364963822e-06
"s(distance)727",728,0.15476070003289,4948.53870382107,0.0933362457538118,0,9.28926192234059e-06
"s(distance)728",729,0.165390977196963,4939.5304743683,0.00722559329192218,0,2.01455375934412e-05
"s(distance)729",730,0.16972461024411,4935.48797930638,0.0329215750429916,0,4.96866700172571e-07
"s(distance)730",731,0.160037274447069,4942.44834249119,0.0234956993512515,0,4.35258304476993e-05
"s(distance)731",732,0.166324531479255,4937.6931794201,0.0492218533508791,0,9.97710796646345e-07
"s(distance)732",733,0.158615977363199,4946.33298133743,0.0620987885844051,0,8.03343753774666e-06
"s(distance)733",734,0.157112422372861,4947.46703098258,0.0777938205838237,0,5.19042668217784e-06
"s(distance)734",735,0.164117870708447,4939.04027123028,0.0196620969317833,0,6.2540533085631e-07
"s(distance)735",736,0.154641780414367,4948.74985218202,0.0870392935201155,0,1.46894862551594e-06
"s(distance)736",737,0.160990265144401,4941.94765508758,0.082539354879031,0,0
"s(distance)737",738,0.16228777893748,4941.6996683188,0.134222000549229,0,5.44264297952513e-06
"s(distance)738",739,0.171072271751702,4933.72448961388,0.0281055627843561,0,4.56452192820755e-06
"s(distance)739",740,0.163039040007778,4942.51563365487,0.00727172460057518,0,6.89945161980177e-06
"s(distance)740",741,0.158796525516257,4945.73566278331,0.154781597157538,0,2.25115781182783e-07
"s(distance)741",742,0.156587574387977,4947.65618309266,0.0770236045731939,0,7.03308978100559e-06
"s(distance)742",743,0.168491883216632,4936.57896249576,0.00690091506101981,0,9.98920679079474e-05
"s(distance)743",744,0.172468046272922,4931.74082123739,0.0463390728537423,0,6.1624683309669e-05
"s(distance)744",745,0.170266192440072,4933.20922582494,0.0308633894617654,0,0
"s(distance)745",746,0.159155067741856,4944.97868600076,0.0418252324127945,0,1.31112613216411e-06
"s(distance)746",747,0.15581664889211,4948.21851458683,0.0821494714792164,0,9.20977951529567e-06
"s(distance)747",748,0.159183172322812,4945.31646514118,0.0406793360835192,0,6.03503701451791e-06
"s(distance)748",749,0.158691239902935,4945.46849274609,0.0319406181739221,0,6.95683405935177e-05
"s(distance)749",750,0.166471756829136,4936.7370201786,0.0528571067297235,0,5.60947594749339e-05
"s(distance)750",751,0.160193645583945,4945.16260314705,0.0314508492083636,0,1.1268759387062e-05
"s(distance)751",752,0.173644164142589,4930.38873077031,0.0215716890836287,0,3.21009424051333e-05
"s(distance)752",753,0.164542835960702,4940.52286025383,0.0497849906326487,0,7.42519347014525e-05
"s(distance)753",754,0.156927903776136,4948.45062149153,0.0764129078689855,0,8.97705780045222e-07
"s(distance)754",755,0.155735306395987,4949.6364757512,0.0587765620472894,0,0
"s(distance)755",756,0.164578368331672,4939.57443173794,0.0440643074168707,0,0.000206405181620517
"s(distance)756",757,0.159718544346359,4941.85296969477,0.0232101631361575,0,9.55445470129934e-07
"s(distance)757",758,0.162133283567606,4941.15503002178,0.0393386227635018,0,2.35324482117938e-05
"s(distance)758",759,0.159239758591726,4944.65062566144,0.0396557192232531,0,0.000155120618072602
"s(distance)759",760,0.164827731620503,4938.94779947559,0.0855939833511634,0,0
"s(distance)760",761,0.16379229597059,4942.23868047993,0.0111733931410842,0,2.3798430192068e-06
"s(distance)761",762,0.162254402368299,4940.42875376566,0.168985361936517,0,7.54978710104659e-07
"s(distance)762",763,0.158396771640283,4945.32015612226,0.0721355905380945,0,1.42403351133247e-06
"s(distance)763",764,0.161652831236336,4943.0109595769,0.0316866701633527,0,4.84443323233719e-05
"s(distance)764",765,0.156439016406745,4946.30647658986,0.0456222715687394,0,1.80672564951134e-05
"s(distance)765",766,0.159229776326039,4945.33211851341,0.0203346115922135,0,1.93276464660608e-06
"s(distance)766",767,0.163324482626379,4942.0233140551,0.0319968983812335,0,5.7400031450161e-07
"s(distance)767",768,0.153195280661172,4949.16617458455,0.0504011673228216,0,1.7490126275832e-05
"s(distance)768",769,0.15859019167549,4944.08309590224,0.108948336946465,0,0
"s(distance)769",770,0.162916905532888,4941.07733823341,0.0199048766557948,0,0
"s(distance)770",771,0.161190534522202,4941.73750290276,0.0982071869507672,0,3.74535019304068e-06
"s(distance)771",772,0.162884839999346,4941.73484497073,0.0286533379138731,0,1.50732959343092e-05
"s(distance)772",773,0.159045391615193,4944.80175033649,0.0357755058385169,0,6.84652697230392e-06
"s(distance)773",774,0.153349424549343,4950.50943542244,0.0878929947844712,0,0
"s(distance)774",775,0.164653506992174,4941.09323516773,0.0240861550365699,0,0.000124655277781049
"s(distance)775",776,0.162442154953337,4944.25873735799,0.0212343413395336,0,2.49966348642161e-06
"s(distance)776",777,0.157421114496327,4947.10583337212,0.129300091690462,0,2.6944493214387e-07
"s(distance)777",778,0.163631371765193,4939.90197709911,0.0189449695155525,0,0
"s(distance)778",779,0.160342071418797,4942.18020412754,0.0951962221050601,0,1.15048609205526e-05
"s(distance)779",780,0.15913484765339,4942.7926249026,0.0481530426290568,0,0
"s(distance)780",781,0.169327354469557,4934.0636405421,0.0266978085476612,0,0.00012709700426905
"s(distance)781",782,0.158879131003909,4943.69568475504,0.128199632969783,0,1.01369479049707e-06
"s(distance)782",783,0.162653624608021,4942.45263592553,0.015609315791167,0,3.87865446407898e-05
"s(distance)783",784,0.161055577699897,4944.30822432081,0.077077537635826,0,3.01595794804932e-06
"s(distance)784",785,0.158937174321187,4943.86301471113,0.0615427204609661,0,3.60515715541743e-06
"s(distance)785",786,0.16457819310935,4937.85723166742,0.0981991416019152,0,8.16258729162689e-05
"s(distance)786",787,0.157487672735986,4946.64545775098,0.036362162145579,0,9.34332827273732e-07
"s(distance)787",788,0.164270274508968,4939.12384703693,0.0382214604436381,0,1.39830926588203e-05
"s(distance)788",789,0.158246063983196,4946.20071850393,0.0741943926974079,0,4.37427605115559e-06
"s(distance)789",790,0.168365730562216,4935.94242159867,0.0372263108645542,0,0.0022083019808562
"s(distance)790",791,0.161813608256202,4941.61417788062,0.0357809481733166,0,0.000179423753382923
"s(distance)791",792,0.162074810945823,4941.29910983351,0.113449248132164,0,4.24957341871313e-07
"s(distance)792",793,0.158203776544576,4945.66787807184,0.103125129238975,0,1.82311530892987e-05
"s(distance)793",794,0.160691425965911,4944.2354111392,0.050415970238697,0,3.25937321909997e-07
"s(distance)794",795,0.155720178738476,4948.29026762942,0.0768981139905381,0,1.57791775047267e-05
"s(distance)795",796,0.162083174635177,4942.75188396035,0.00967380323741684,0,5.9829656396948e-06
"s(distance)796",797,0.164684930599688,4941.48651583162,0.00817614585959464,0,0
"s(distance)797",798,0.158456812737156,4946.14960016241,0.0422687283772732,0,3.03959007585952e-06
"s(distance)798",799,0.157668312341642,4944.27305319114,0.06698467013043,0,1.63511409512207e-06
"s(distance)799",800,0.159649060129745,4942.63162418206,0.0112377535508849,0,1.11645467901766e-05
"s(distance)800",801,0.157761105981788,4947.23656698871,0.0219674196728991,0,0
"s(distance)801",802,0.155229754677309,4948.31149395945,0.167797952313769,0,4.42491567881342e-06
"s(distance)802",803,0.155497356034576,4947.51184562608,0.0831139784482997,0,7.25560064973596e-06
"s(distance)803",804,0.166677851363899,4937.61824323729,0.0122331440920831,0,2.2575487644283e-05
"s(distance)804",805,0.157556329829245,4945.32187682447,0.0497028803202985,0,5.57257602683547e-05
"s(distance)805",806,0.160640456004689,4942.40220053891,0.0859143529400636,0,0.000101250415143417
"s(distance)806",807,0.16075870606251,4941.79168007892,0.00976141219551924,0,8.04227117370826e-05
"s(distance)807",808,0.160440377403336,4943.97033692533,0.148326329300653,0,0.000310445506094048
"s(distance)808",809,0.157830444614054,4947.12061462507,0.0436067814321014,0,2.19773414417146e-06
"s(distance)809",810,0.164493671127408,4938.58537772721,0.0449820421543274,0,7.85335951081212e-06
"s(distance)810",811,0.160387116642395,4942.4183628559,0.0755543057822615,0,0
"s(distance)811",812,0.166488860992865,4938.20743633753,0.0960294244291771,0,7.04550196573006e-07
"s(distance)812",813,0.161698852208038,4944.00361214835,0.0151665735653745,0,0
"s(distance)813",814,0.161762185069169,4942.99535037516,0.0282502535946145,0,0
"s(distance)814",815,0.162162240408516,4941.86719977112,0.0250742646339581,0,6.70466060676e-06
"s(distance)815",816,0.162187666655768,4942.82584091921,0.0854884510578003,0,4.16413460255782e-05
"s(distance)816",817,0.16067358601374,4942.82243958675,0.142173924757732,0,0.000113325650781648
"s(distance)817",818,0.165219834727314,4940.10125489619,0.00556044808273248,0,5.99682096080745e-06
"s(distance)818",819,0.157391622755178,4946.65971225892,0.0439595914201061,0,0
"s(distance)819",820,0.165569122706954,4939.8088666519,0.038004547315122,0,6.51793831235592e-06
"s(distance)820",821,0.158715832374528,4946.18099946819,0.0221433393844713,0,1.07805905297242e-06
"s(distance)821",822,0.162771083614663,4941.336536817,0.00707865260754098,0,0.00011221790996313
"s(distance)822",823,0.164049989106708,4939.70057393975,0.0675331519188426,0,1.70214128670243e-05
"s(distance)823",824,0.165903034204613,4937.07852651739,0.0282231225577716,0,0
"s(distance)824",825,0.159925181085282,4945.09802638221,0.0141413145577147,0,1.15433829422917e-06
"s(distance)825",826,0.154450975226934,4949.41919670778,0.105614265832393,0,9.54633517402659e-07
"s(distance)826",827,0.16360695377802,4941.67663671524,0.0217432802183717,0,3.36649977222825e-06
"s(distance)827",828,0.154532824548943,4948.22156348034,0.00886420537811794,0,1.12416982356311e-06
"s(distance)828",829,0.161308874920119,4944.25606120078,0.0350471715328102,0,3.43219280113383e-06
"s(distance)829",830,0.155655178704918,4947.97392376775,0.190292709639911,0,1.25277214918507e-06
"s(distance)830",831,0.159190324178327,4944.5296879384,0.0197961765878815,0,3.92900590440726e-05
"s(distance)831",832,0.165592521549384,4938.30220761568,0.0592869320706867,0,3.59266191463092e-07
"s(distance)832",833,0.165549708333496,4938.57780962107,0.0563392253937188,0,3.16246742643189e-06
"s(distance)833",834,0.15359108222785,4950.88913740653,0.0945297631442197,0,8.74647682225227e-07
"s(distance)834",835,0.161849648020645,4943.22267967462,0.0383358908827517,0,3.1434101582517e-05
"s(distance)835",836,0.15885631955189,4946.09232046408,0.0788011145305499,0,2.13779538110193e-05
"s(distance)836",837,0.164980729639477,4938.70064509615,0.0910931537917046,0,0
"s(distance)837",838,0.165196218679119,4937.53652471981,0.0282606033704929,0,5.28744090233513e-07
"s(distance)838",839,0.161158042542489,4943.08614478617,0.0441154545311215,0,3.26965896746412e-07
"s(distance)839",840,0.163174192276407,4942.52713664025,0.0572191051540993,0,6.76599864816163e-05
"s(distance)840",841,0.166345468613799,4937.06360466395,0.0233191086203073,0,2.03350971673122e-05
"s(distance)841",842,0.160823874079332,4942.96328767596,0.0768875832020733,0,9.68297750102431e-05
"s(distance)842",843,0.157535906009858,4944.96853465134,0.00411683518832889,0,2.3888538035477e-06
"s(distance)843",844,0.160834527828743,4944.16359505022,0.0149625675082004,0,3.11717554729585e-06
"s(distance)844",845,0.160226829726504,4944.45352673881,0.010370147039199,0,2.92906527760151e-06
"s(distance)845",846,0.157220056364275,4944.79354647042,0.0296725217013036,0,6.08692914450537e-05
"s(distance)846",847,0.158239601874238,4946.8218169241,0.0403667221306175,0,1.23601839130405e-06
"s(distance)847",848,0.157321389204437,4945.86466871235,0.0677633465429846,0,3.94066311243391e-06
"s(distance)848",849,0.155980855624202,4948.67651407232,0.0813807170909131,0,9.57087847974769e-07
"s(distance)849",850,0.158497947041636,4945.79897595334,0.0760939243529942,0,8.0359806989283e-06
"s(distance)850",851,0.170078456823635,4933.84842313603,0.0099772233230298,0,0.000109183211852826
"s(distance)851",852,0.158819586492545,4946.64391991177,0.0834242074558234,0,7.12116513117977e-05
"s(distance)852",853,0.159252240890823,4946.06289069778,0.0331545073210689,0,9.85869768765912e-07
"s(distance)853",854,0.156090015852873,4948.6669277413,0.0808375506546255,0,0
"s(distance)854",855,0.167671239132891,4937.53172238007,0.00701575929651471,0,1.62318501101266e-06
"s(distance)855",856,0.157645309177888,4946.13496974594,0.0719178037480701,0,1.81765257863953e-05
"s(distance)856",857,0.159118157069285,4946.11451785753,0.0272498089036267,0,4.50578284894032e-06
"s(distance)857",858,0.164507955245894,4940.33047082161,0.015281250870916,0,0.000166565941901009
"s(distance)858",859,0.1638701366123,4939.98639022136,0.0572879137733479,0,3.73580604895452e-07
"s(distance)859",860,0.161615324093358,4944.08952801074,0.0394460688443636,0,4.38612563441465e-06
"s(distance)860",861,0.153220518402838,4949.81974830623,0.0898025279059945,0,1.40967541484294e-06
"s(distance)861",862,0.156311969637672,4946.96864800614,0.113243782672628,0,7.97670822566543e-06
"s(distance)862",863,0.158378479191045,4946.56562662987,0.0389052235425174,0,1.32501767646787e-06
"s(distance)863",864,0.159236039259525,4944.12169432736,0.0547480146197732,0,1.03089833958236e-06
"s(distance)864",865,0.165435560519136,4939.37095782469,0.00475994178533728,0,5.12630279247972e-05
"s(distance)865",866,0.158877887949158,4945.24708312106,0.0489087191429931,0,2.48041664652199e-07
"s(distance)866",867,0.164529361752194,4938.90175805736,0.0403689599177166,0,0.000150234807219651
"s(distance)867",868,0.15520368072113,4948.62212172894,0.0858494100454337,0,1.59360596391211e-06
"s(distance)868",869,0.162713040375743,4941.12623813966,0.0413696105327345,0,1.98415218810588e-07
"s(distance)869",870,0.163652419111802,4939.31553408888,0.0869479780738094,0,5.47322701597297e-05
"s(distance)870",871,0.160165860738602,4943.80420179489,0.0190389408489999,0,1.14999067147292e-05
"s(distance)871",872,0.161071410624858,4942.78014707216,0.0793961514441391,0,0
"s(distance)872",873,0.161896604691645,4940.44397295796,0.0298157013080179,0,3.93258408837305e-07
"s(distance)873",874,0.158701174141331,4944.68983244344,0.058473479784813,0,1.26425869045876e-06
"s(distance)874",875,0.168477281112457,4937.19974515863,0.00465979772659558,0,4.90451166491046e-05
"s(distance)875",876,0.16069807983665,4943.2312891771,0.116810711667588,0,7.43383511930817e-06
"s(distance)876",877,0.159981058427991,4944.0047358255,0.0689493392598126,0,3.84348768874831e-05
"s(distance)877",878,0.161308229909997,4943.63896622007,0.0702402768061418,0,0
"s(distance)878",879,0.173194081732818,4931.06003069918,0.0183903524042084,0,0.000163614132982826
"s(distance)879",880,0.164812860793381,4939.18737963672,0.0249220751711989,0,8.5891311163433e-07
"s(distance)880",881,0.163902502826186,4940.20219547908,0.0413363772836952,0,2.28476681801704e-06
"s(distance)881",882,0.160707498025131,4940.8659806012,0.0203070934754724,0,6.02945389172049e-07
"s(distance)882",883,0.160614534467376,4941.76484432573,0.0093297489726844,0,2.23504941752606e-05
"s(distance)883",884,0.158813394487409,4945.74627848314,0.0371627787392754,0,2.11360205180089e-05
"s(distance)884",885,0.159902516510544,4944.686591094,0.0551459282039788,0,1.16156474498919e-05
"s(distance)885",886,0.177775459576169,4926.35558918433,0.0259379260738014,0,6.28346831355042e-05
"s(distance)886",887,0.161129409502555,4943.12566691972,0.0548218862720053,0,3.4383105341762e-06
"s(distance)887",888,0.154500249005619,4948.75705181776,0.154328394302208,0,3.63620432763945e-07
"s(distance)888",889,0.155751810216793,4946.42053638979,0.0311989419150175,0,6.77560632801333e-05
"s(distance)889",890,0.162226420812422,4942.3346651314,0.0648362872196123,0,9.53069421611441e-05
"s(distance)890",891,0.163660681092126,4940.16498421587,0.00806890505974273,0,5.0970999954103e-07
"s(distance)891",892,0.166915892477782,4936.47274837136,0.0184690763627602,0,0
"s(distance)892",893,0.164343275198117,4939.17321502798,0.0474716582134011,0,9.13167598182163e-06
"s(distance)893",894,0.160273753616203,4941.5929591086,0.0998757994989387,0,3.60224427033984e-05
"s(distance)894",895,0.157386881249476,4946.97797026979,0.0526357412300635,0,3.83465359558577e-05
"s(distance)895",896,0.163402534455843,4941.19572529133,0.0285387743635207,0,1.44480761082866e-06
"s(distance)896",897,0.158543524670055,4944.43928625899,0.154228700639793,0,6.25818494248698e-07
"s(distance)897",898,0.159458744008198,4945.06154953388,0.0341571967222761,0,2.74718785425732e-06
"s(distance)898",899,0.155640716940302,4947.8733387544,0.0839313797882864,0,2.00993732574206e-06
"s(distance)899",900,0.165667227837893,4938.90559946827,0.0169533897945203,0,0.000894946793954465
"s(distance)900",901,0.160773473610513,4945.13263859845,0.0342375733515391,0,4.25592177111245e-07
"s(distance)901",902,0.16170806571687,4942.0614012605,0.0465101101019412,0,3.79661707983203e-06
"s(distance)902",903,0.16218546126198,4940.68649240746,0.0173770611430032,0,2.78858601321375e-05
"s(distance)903",904,0.159621242270634,4943.51352084288,0.0914191673692666,0,7.92383948165498e-05
"s(distance)904",905,0.160838432284186,4943.2392042318,0.0619302638124031,0,0
"s(distance)905",906,0.170884958442931,4932.50588291977,0.102110098697113,0,7.28099046504171e-06
"s(distance)906",907,0.167935334963781,4937.0474643133,0.0121099230180776,0,0
"s(distance)907",908,0.167241795317422,4938.92640849873,0.0125721092858355,0,1.42328239821632e-06
"s(distance)908",909,0.165968935205886,4938.87255652629,0.00942357354322088,0,3.10933978375783e-06
"s(distance)909",910,0.168341736186569,4936.29609301716,0.0111577990366044,0,1.06383446951686e-05
"s(distance)910",911,0.15629263846462,4948.9199603814,0.0813622144343319,0,0
"s(distance)911",912,0.16233395046528,4943.92094729458,0.0148761441693254,0,0
"s(distance)912",913,0.158627647729215,4946.17159699955,0.0507754008067304,0,5.97156803894272e-07
"s(distance)913",914,0.161728395112241,4942.67730348385,0.0422418674463959,0,0.000285680388543819
"s(distance)914",915,0.167138387061057,4937.73821013783,0.00823061193809854,0,0.000455698831589413
"s(distance)915",916,0.157736510842942,4946.09813989815,0.067188568091296,0,1.81926637771168e-06
"s(distance)916",917,0.165786394553435,4938.79141755227,0.0124674486479791,0,5.66055947170963e-07
"s(distance)917",918,0.157777838908013,4945.28990749821,0.0107261133537374,0,1.1822617974222e-05
"s(distance)918",919,0.15857059374361,4945.43066471695,0.0492952607359681,0,5.33407321490209e-06
"s(distance)919",920,0.161515559258873,4943.66067726505,0.0119667488812882,0,1.10521272250752e-06
"s(distance)920",921,0.154784197821786,4948.09064438453,0.0437138221915248,0,4.88953841737416e-06
"s(distance)921",922,0.159490382276961,4943.38220941798,0.00496938203247471,0,8.07410350591176e-05
"s(distance)922",923,0.157822995818804,4945.4302665048,0.117854637559861,0,1.50359170990044e-05
"s(distance)923",924,0.160873080986932,4944.6569885817,0.0801071026623374,0,4.40749540642216e-07
"s(distance)924",925,0.164781470913547,4938.63852921023,0.0463222812994997,0,6.68581467289098e-06
"s(distance)925",926,0.155572493625912,4947.9529578097,0.147691668895133,0,3.13933748108397e-07
"s(distance)926",927,0.159633443134524,4944.47199267521,0.0159178121514236,0,3.14938569162537e-06
"s(distance)927",928,0.162368298707044,4942.3308828426,0.0346263630249481,0,8.04294614740186e-05
"s(distance)928",929,0.166589792912328,4939.35715720259,0.0255960247571878,0,0
"s(distance)929",930,0.171019046896352,4933.8564656532,0.0171318674167654,0,0
"s(distance)930",931,0.162865856114837,4941.83630356776,0.0473784110044032,0,2.13552414194962e-05
"s(distance)931",932,0.162795621265004,4942.31388651471,0.0299220818696072,0,3.60957291343778e-05
"s(distance)932",933,0.161071596453335,4943.87018513697,0.0349257074954339,0,4.43403116073826e-06
"s(distance)933",934,0.154709165391103,4948.50828186767,0.0916497115065677,0,1.83554073984737e-06
"s(distance)934",935,0.154795009910055,4949.59141426083,0.124278764829102,0,1.18956185674035e-06
"s(distance)935",936,0.160721440483913,4943.70384513998,0.019896697463034,0,4.92076975638911e-06
"s(distance)936",937,0.158495052340469,4944.70423542814,0.0261572738564526,0,9.9778457997024e-06
"s(distance)937",938,0.156799421342229,4946.99019812448,0.035575497843185,0,6.19871780505044e-06
"s(distance)938",939,0.16460605991805,4938.29862281549,0.0272340250434255,0,1.69905072006094e-06
"s(distance)939",940,0.163828741594955,4938.92009686125,0.0731996932825841,0,0
"s(distance)940",941,0.163952251992867,4941.09751784489,0.0185518653791491,0,2.20168705767354e-05
"s(distance)941",942,0.158482727073825,4945.40137683714,0.0328776421623068,0,9.12180929825146e-05
"s(distance)942",943,0.16519266911359,4939.37998632095,0.0359159683171246,0,3.08689924866101e-06
"s(distance)943",944,0.159811792358482,4944.11929602081,0.213037009598303,0,2.41969602854386e-06
"s(distance)944",945,0.157337093628311,4948.46850018777,0.0676650571188442,0,9.5922639564705e-07
"s(distance)945",946,0.164137796785151,4938.79083898222,0.0626098978626898,0,0
"s(distance)946",947,0.153382156465854,4949.04053297885,0.0485461152403342,0,4.19548219721122e-07
"s(distance)947",948,0.161696109722515,4941.79843307429,0.0177382347060395,0,1.45405810396682e-05
"s(distance)948",949,0.165953590796415,4939.7027045008,0.0198669749633615,0,2.00346137363416e-06
"s(distance)949",950,0.151937393879077,4950.78231243639,0.0323725785871391,0,1.08455476754976e-06
"s(distance)950",951,0.168369365473186,4937.56626236753,0.00758624002526664,0,4.45162317225245e-06
"s(distance)951",952,0.166664161892501,4937.53588054905,0.0177779000702104,0,8.77761464013194e-06
"s(distance)952",953,0.165223969078719,4939.1470651479,0.0124081652448147,0,3.74720716234123e-07
"s(distance)953",954,0.159854018975189,4945.67885461115,0.0763810751389412,0,2.59031268949883e-05
"s(distance)954",955,0.164346110639626,4940.89472020409,0.0818556471284478,0,8.37242064433141e-06
"s(distance)955",956,0.158527414968339,4943.99511532919,0.0134743345979845,0,1.14896431613332e-06
"s(distance)956",957,0.158931902419756,4943.87283869633,0.097132040658602,0,2.94445977044866e-07
"s(distance)957",958,0.167351170639639,4939.55222936677,0.00925682407086231,0,8.19164306242737e-06
"s(distance)958",959,0.163001432801593,4939.94744784232,0.0867165409247155,0,1.93546056670435e-06
"s(distance)959",960,0.16750580786681,4936.48360397184,0.00803073930139547,0,9.68248500932134e-07
"s(distance)960",961,0.165398292300381,4937.95825562235,0.00861166013082693,0,0
"s(distance)961",962,0.156826757400643,4947.50037887923,0.045416844855429,0,2.59785944017876e-06
"s(distance)962",963,0.165508499327786,4937.82886940268,0.0177574946483005,0,6.95963164820679e-07
"s(distance)963",964,0.158544518717691,4947.24102443989,0.0729376092971949,0,2.93662265138384e-06
"s(distance)964",965,0.159660993735534,4945.54573562123,0.0382775105858811,0,2.41104664822078e-06
"s(distance)965",966,0.157299504452623,4947.4166319837,0.126325825483382,0,0
"s(distance)966",967,0.153988842377287,4949.05202141474,0.115758151387268,0,1.93560061151343e-06
"s(distance)967",968,0.16008817261487,4944.50556163269,0.0322180343076057,0,4.42748863394016e-06
"s(distance)968",969,0.158902796728727,4944.3959936193,0.071227502544769,0,1.07988064446118e-06
"s(distance)969",970,0.160967179548966,4942.28980690471,0.0235616207909247,0,8.60646872269388e-06
"s(distance)970",971,0.162241268334559,4942.87168149429,0.00858380161489064,0,3.93315190871935e-06
"s(distance)971",972,0.164210874096525,4939.31265442311,0.0576108157131692,0,1.54902162679549e-05
"s(distance)972",973,0.158494512360523,4946.74767211229,0.0313466282647912,0,6.1180536198302e-07
"s(distance)973",974,0.16414173198529,4940.7206801055,0.0144304254272579,0,2.12762700970148e-05
"s(distance)974",975,0.169658016642654,4936.95437981582,0.0481845865459558,0,6.57211897627796e-05
"s(distance)975",976,0.161169601815562,4942.7465780644,0.0268954917935126,0,6.02055720388961e-06
"s(distance)976",977,0.170221560232036,4934.06238933398,0.00265580636637813,0,4.66438181412343e-07
"s(distance)977",978,0.161576440908365,4942.87687614461,0.125594832554043,0,1.32520632717403e-05
"s(distance)978",979,0.165705382549514,4939.25159750238,0.00726139175813145,0,3.61451909863808e-06
"s(distance)979",980,0.159552067433494,4944.74672160558,0.073815708203845,0,1.876527468192e-06
"s(distance)980",981,0.16380031866292,4940.33078190712,0.0172627782628204,0,1.60626695810961e-06
"s(distance)981",982,0.160308401237116,4945.5919654465,0.113634032914415,0,1.24685384306766e-05
"s(distance)982",983,0.155605998064071,4948.22748732161,0.11937250668659,0,4.37395032099053e-06
"s(distance)983",984,0.157690703223554,4946.87681724291,0.08364233740302,0,4.26849248835737e-07
"s(distance)984",985,0.159803344089359,4944.31902303128,0.0210456346840144,0,1.47411970107814e-05
"s(distance)985",986,0.16394492829968,4941.11608760905,0.0368803563934693,0,6.20137472331361e-05
"s(distance)986",987,0.161051159433556,4942.99693074068,0.0242883861111889,0,6.55583316744313e-07
"s(distance)987",988,0.165419368377967,4938.5268884552,0.010188267137318,0,2.75369357632949e-06
"s(distance)988",989,0.152046957300528,4950.72480716143,0.0446823354121426,0,8.84718245997007e-07
"s(distance)989",990,0.158799530706992,4946.15006891479,0.0670426755287974,0,4.59291946380835e-06
"s(distance)990",991,0.160217966642345,4943.88020381901,0.0496196641425891,0,9.72423621214968e-05
"s(distance)991",992,0.162519128421885,4941.19411532245,0.0172634287776977,0,1.84695598975937e-06
"s(distance)992",993,0.157894474643917,4947.06393047451,0.0315784194759089,0,9.24122701251306e-07
"s(distance)993",994,0.16069290890826,4943.11558747384,0.0461705795543831,0,0.00038048211139019
"s(distance)994",995,0.16299147340646,4941.50331956583,0.0477529573172847,0,4.59528602164694e-06
"s(distance)995",996,0.160872362858477,4942.22010649195,0.106808797515477,0,5.0811326401945e-07
"s(distance)996",997,0.156978789190567,4947.63644009187,0.171377200268744,0,1.79746960314309e-05
"s(distance)997",998,0.164764233202635,4940.07900806912,0.0331248866864783,0,4.14447913243965e-06
"s(distance)998",999,0.163772314570815,4941.22851189828,0.0100606538678326,0,4.87428503948006e-07
"s(distance)999",1000,0.154266157807427,4949.16062729246,0.168780100322425,0,7.04500931147933e-07
